{"SamiTitleId":7686124,"SamiTitle":"Tape 161 Orkney","SamiYear":"0","SamiAuthor":"Sound recordings of British wildlife and habitats","SamiMdArk":"ark:/81055/vdc_100000038097.0x0000a8","SamiFiles":"","SamiType":"BOOK","SamiCallNumber":"WA 2008/021/061","Files":[{"AVTransformations":[{"AVTransformationTests":[{"AVTransformationTestId":428965,"AVTransformationId":219802,"RawOutput":"2841GeneralGeneral01AACAACAAC LC\\\\sosdata\\SaveOurSounds\\live\\working\\48810\\transformations\\BL_WA2008-021-061_s1_f01_v1.mp4\\\\sosdata\\SaveOurSounds\\live\\working\\48810\\transformationsBL_WA2008-021-061_s1_f01_v1mp4MPEG-4MPEG-4mp4 m4v m4a m4b m4p 3gpp 3gp 3gpp2 3g2 k3g jpm jpx mqv ismv isma f4vMPEG-4Base Mediaaudio/mp4isomhttp://www.apple.com/quicktime/download/standalone.htmlMPEG-4MPEG-4mp4 m4v m4a m4b m4p 3gpp 3gp 3gpp2 3g2 k3g jpm jpx mqv ismv isma f4v1646881915.7 MiB16 MiB16 MiB15.7 MiB15.71 MiB5143648mn 34s8mn 34s 364ms8mn 34s00:08:34.364CBRConstant256143256 Kbps8961587.5 KiB (1%)88 KiB88 KiB87.5 KiB87.51 KiB87.5 KiB (1%)0.00544895831637921224YesUTC 2019-09-17 11:15:25UTC 2019-11-07 16:49:57.4582019-11-07 16:49:57.458UTC 2019-11-07 16:50:01.6612019-11-07 16:50:01.661Lavf58.20.1002221AudioAudio0011AACAdvanced Audio CodecAACLCNo (Explicit)No (Explicit)40AAC LCAAC LCAAC405143648mn 34s8mn 34s 364ms8mn 34s00:08:34.364-5-5ms-5ms-5ms-00:00:00.005CBRConstant254749255 Kbps22 channelsFront: L R2/0/0L R4410044.1 KHz2268345222152LossyLossy1637920415.6 MiB (99%)16 MiB16 MiB15.6 MiB15.62 MiB15.6 MiB (99%)0.99456","IsValid":true,"Name":"MediaInfo","Version":"0.7.67","Date":"2019-11-07T16:50:38.25"},{"AVTransformationTestId":428966,"AVTransformationId":219802,"RawOutput":"DROID 6.1.5 No Profile mode: Runtime InformationSelected folder or file: \\\\sosdata\\SaveOurSounds\\live\\working\\48810\\transformations\\BL_WA2008-021-061_s1_f01_v1.mp4Binary signature file: D:\\BLAVSIPGenToolWorking\\DROID\\DROID_SignatureFile_V83.xmlContainer signature file: NoneOpen archives: False\\\\sosdata\\SaveOurSounds\\live\\working\\48810\\transformations\\BL_WA2008-021-061_s1_f01_v1.mp4,fmt/199","IsValid":true,"Name":"DROID","Version":"6.1.5^^DROID_SignatureFile_V83.xml","Date":"2019-11-07T16:50:38.297"}],"AVTransformationId":219802,"FileId":216145,"SourceFileName":"BL_WA2008-021-061_s1_f01_v1.wav","SourceDir":"\\\\p12l-nas6\\SOS_HLF\\Wildlife\\WA 2008 021 British Wildlife\\","OutputDir":"\\\\sosdata\\SaveOurSounds\\live\\working\\48810\\transformations\\","Reference":"id-216145-0","OriginalName":"\\\\sosdata\\SaveOurSounds\\live\\working\\48810\\transformations\\BL_WA2008-021-061_s1_f01_v1.mp4","FormatName":"audio/mp4","MessageDigestAlgorithm":"SHA-256","MessageDigest":"2199f656d968b63bae10e0f4a63eb2c0c3bd3c10109a95518ec4d65bd3c0741c","SizeBytes":16468819,"ValidationChecksumResult":1,"ValidationChecksumResultMessage":"Hash ok","ValidationChecksumTested":"2019-11-07T16:50:13.683","ValidationRequested":"2019-11-07T16:50:38.203","ValidationCompleted":"2019-11-07T16:50:41.24","ValidationAttemptCount":0,"ValidationRetryNext":null,"ValidationResult":"No errors, Warnings: Warning, file durations differ by 24ms (allowable difference threshold is 30ms)","IsValid":true,"MdArk":null,"TransformationServiceUri":"http://192.168.242.85/BL.DLS.AvTransformation.Service/CreateJob/","IsDummy":false,"ForceFailTransformationInitial4xx":false,"ForceFailTransformationInitial5xx":false,"ForceFailValidationChecksum":false,"ForceFailValidation":false,"SimulatedCallback":false,"OutputFileUri":"\\\\sosdata\\SaveOurSounds\\live\\working\\48810\\transformations\\BL_WA2008-021-061_s1_f01_v1.mp4","OutputFileName":"BL_WA2008-021-061_s1_f01_v1.mp4","MasterFileUri":"\\\\sosdata\\SaveOurSounds\\live\\working\\48810\\BL_WA2008-021-061_s1_f01_v1.wav","IsSimulated":false,"IsAwaitingTransformationSubmission":false,"IsAwaitingTransformationCallback":false,"IsAwaitingTransformationValidation":false,"IsTransformationValidationInProgress":false,"IsTransformationInProgress":false,"IsTransformationServiceRequestSuccess":false,"IsTransformationServiceSuccess":true,"IsTransformationServiceFail":false,"IsTransformValidationFailed":false,"TimeTakenMins":1,"State":"Transformation complete and transformed file is valid","Created":"2019-11-07T16:49:11.46","Modified":"2019-11-07T16:49:11.46","CallbackUri":"https://avsip.ad.bl.uk/api/files/TransformationCallback/","Queued":null,"Submitted":"2019-11-07T16:49:12.913","RetryCount":0,"RetryNext":null,"Failed":null,"Status":"Transformed and validatied, valid: True","InitialResult":true,"InitialResponseCode":200,"InitialResponseMessage":"","CallbackResultState":1,"CallbackRawResult":"\r\n 219802\r\n Success\r\n \r\n \\\\sosdata\\SaveOurSounds\\live\\working\\48810\\transformations\\BL_WA2008-021-061_s1_f01_v1.mp4\r\n \r\n 0\r\n \r\n SHA-256\r\n 2199f656d968b63bae10e0f4a63eb2c0c3bd3c10109a95518ec4d65bd3c0741c\r\n \r\n 16468819\r\n \r\n \r\n audio/mp4\r\n \r\n \r\n \r\n \r\n \r\n local\r\n wCJvyDHj\r\n \r\n FFMPEG;4.1.0\r\n Software\r\n \r\n \r\n \r\n local\r\n xBFPXbZ2\r\n \r\n transformation\r\n 2019-11-07T16:49:56.5866906+00:00\r\n \r\n Success\r\n \r\n \r\n local\r\n wCJvyDHj\r\n \r\n \r\n \r\n","CallbackReceived":"2019-11-07T16:50:01.787","CallbackMessage":"Transformation service completed successfully","CallbackTimedOut":null,"IsInitialSubmissionFailed":false,"TimeTaken":"0d 0hr 1min"}],"FileId":216145,"SIPId":48810,"SourceDirectoryId":6,"Name":"BL_WA2008-021-061_s1_f01_v1.wav","SourceDir":"\\\\p12l-nas6\\SOS_HLF\\Wildlife\\WA 2008 021 British Wildlife\\","HoldDir":"\\\\p12l-nas6\\SOS_HLF\\_hold\\48810\\216145\\","Size":296260198,"CopyRequestedByUser":"449e230e-1e48-4fba-a4f6-5b6d9966f3bd","CopyStepStateId":390371,"CopyVerify":true,"CopyOverwrite":true,"CopyForceFail":false,"CopyForceFailChecksum":false,"CopyRequested":"2019-11-07T16:48:26.053","CopyStarted":"2019-11-07T16:48:36.087","CopyCompleted":"2019-11-07T16:48:45.37","CopyFailed":null,"Copied":true,"Verified":1,"AnalysisForceFail":false,"AutoTansformAfterAnalysis":true,"AnalysisRequested":"2019-11-07T16:48:45.37","AnalysisStarted":"2019-11-07T16:48:49.667","AnalysisCompleted":"2019-11-07T16:49:11.193","AnalysisFailed":null,"ProcessMetadata":null,"ValidationError":null,"MediaInfoXml":"2841GeneralGeneral01PCMPCMPCM\\\\sosdata\\SaveOurSounds\\live\\working\\48810\\BL_WA2008-021-061_s1_f01_v1.wav\\\\sosdata\\SaveOurSounds\\live\\working\\48810BL_WA2008-021-061_s1_f01_v1wavWaveWavewavWaveaudio/vnd.waveWaveWavewav296260198283 MiB283 MiB283 MiB283 MiB282.5 MiB5143408mn 34s8mn 34s 340ms8mn 34s00:08:34.340CBRConstant46080064 608 Kbps166166 Bytes (0%)166 Bytes166 Bytes166 Bytes166.0 Bytes166 Bytes (0%)0.00000Kevin LemonnierUTC 2019-09-17 11:15:25UTC 2019-11-07 16:48:36.3182019-11-07 16:48:36.318UTC 2019-11-07 16:48:44.1772019-11-07 16:48:44.177Wavelab 9.52221AudioAudio0PCMPCMLittle / SignedLittleSigned1http://www.microsoft.com/windows/PCMPCMPCMMicrosoft PCMhttp://www.microsoft.com/windows/1Little / SignedLittleSigned5143408mn 34s8mn 34s 340ms8mn 34s00:08:34.340CBRConstant46080004 608 Kbps22 channels9600096.0 KHz493766402424 bits2424 bits296260032283 MiB (100%)283 MiB283 MiB283 MiB282.5 MiB283 MiB (100%)1.00000","IsMediaInfoValid":true,"MediaInfoVersion":"0.7.67","MediaInfoTestDate":"2019-11-07T16:49:08.027","MediaInfoFormat":"Wave","MediaInfoMIMEType":"audio/vnd.wave","DROIDPUID":"fmt/6","DROIDOutput":"DROID 6.1.5 No Profile mode: Runtime InformationSelected folder or file: \\\\sosdata\\SaveOurSounds\\live\\working\\48810\\BL_WA2008-021-061_s1_f01_v1.wavBinary signature file: D:\\BLAVSIPGenToolWorking\\DROID\\DROID_SignatureFile_V83.xmlContainer signature file: NoneOpen archives: False\\\\sosdata\\SaveOurSounds\\live\\working\\48810\\BL_WA2008-021-061_s1_f01_v1.wav,fmt/6","IsDROIDValid":true,"DROIDVersion":"6.1.5^^DROID_SignatureFile_V83.xml","DROIDTestDate":"2019-11-07T16:48:49.713","JHOVEXml":" 2019-11-07T16:49:08+00:00 WAVE-hul 2019-11-07T16:48:44+00:00 296260198 WAVE Well-Formed and valid WAVE-hul Ignored unrecognized chunk: JUNK audio/vnd.wave; codec=1 PCMWAVEFORMAT WAVEMetadata AESAudioMetadata WAVE PCM audio in integer format LITTLE_ENDIAN 80 \\\\sosdata\\SaveOurSounds\\live\\working\\48810\\BL_WA2008-021-061_s1_f01_v1.wav 0 0 0 0 0 0 8 34 10 672 0 0 0 0 0 0 8 34 10 672 2 24 96000 CompressionCode PCM audio in integer format AverageBytesPerSecond 576000 BlockAlign 6 Data DataLength 296260032 ListInfo CreationDate 2019-09-17T11:15:25Z Engineer Kevin Lemonnier Software Wavelab 9.5 d5952fc1 0f56700c65ba10603f07ae8e2b1c51bd 1d51ffe22f45b2d5106ce2e364816f640ac37979 ","IsJHOVEValid":true,"JHOVEVersion":"1.20.1^^WAVE-hul,1.6,2018-03-29","JHOVETestDate":"2019-11-07T16:49:08.1","JHOVETestSkippedDate":null,"RecordingArk":null,"IsJHOVETestPassed":true,"IsValid":true,"AudioInfo":{"Format":"PCM","Duration":"00:08:34.340","BitRate":"4 608 Kbps","SampleRate":"96.0 KHz","ChannelOutput":"2 channels"},"VideoInfo":{"Format":null,"Duration":null,"BitRate":null,"ColorModel":null,"Fps":null,"Width":null,"Height":null},"MdArk":null,"SHA256":null,"Created":null,"Modified":"2019-11-07T16:49:11.21","Archived":null,"Deleted":null,"FileEvents":null,"Duration":"00:08:34.340","DurationFromMediaInfo":"00:08:34.340","DurationFromAVTransformation":"00:08:34.364","IsVBRWithNoDuration":false,"SourcePath":"\\\\p12l-nas6\\SOS_HLF\\Wildlife\\WA 2008 021 British Wildlife\\BL_WA2008-021-061_s1_f01_v1.wav","HoldPath":"\\\\p12l-nas6\\SOS_HLF\\_hold\\48810\\216145\\BL_WA2008-021-061_s1_f01_v1.wav","AVTransformationMostRecentSuccessful":{"AVTransformationTests":[{"AVTransformationTestId":428965,"AVTransformationId":219802,"RawOutput":"2841GeneralGeneral01AACAACAAC LC\\\\sosdata\\SaveOurSounds\\live\\working\\48810\\transformations\\BL_WA2008-021-061_s1_f01_v1.mp4\\\\sosdata\\SaveOurSounds\\live\\working\\48810\\transformationsBL_WA2008-021-061_s1_f01_v1mp4MPEG-4MPEG-4mp4 m4v m4a m4b m4p 3gpp 3gp 3gpp2 3g2 k3g jpm jpx mqv ismv isma f4vMPEG-4Base Mediaaudio/mp4isomhttp://www.apple.com/quicktime/download/standalone.htmlMPEG-4MPEG-4mp4 m4v m4a m4b m4p 3gpp 3gp 3gpp2 3g2 k3g jpm jpx mqv ismv isma f4v1646881915.7 MiB16 MiB16 MiB15.7 MiB15.71 MiB5143648mn 34s8mn 34s 364ms8mn 34s00:08:34.364CBRConstant256143256 Kbps8961587.5 KiB (1%)88 KiB88 KiB87.5 KiB87.51 KiB87.5 KiB (1%)0.00544895831637921224YesUTC 2019-09-17 11:15:25UTC 2019-11-07 16:49:57.4582019-11-07 16:49:57.458UTC 2019-11-07 16:50:01.6612019-11-07 16:50:01.661Lavf58.20.1002221AudioAudio0011AACAdvanced Audio CodecAACLCNo (Explicit)No (Explicit)40AAC LCAAC LCAAC405143648mn 34s8mn 34s 364ms8mn 34s00:08:34.364-5-5ms-5ms-5ms-00:00:00.005CBRConstant254749255 Kbps22 channelsFront: L R2/0/0L R4410044.1 KHz2268345222152LossyLossy1637920415.6 MiB (99%)16 MiB16 MiB15.6 MiB15.62 MiB15.6 MiB (99%)0.99456","IsValid":true,"Name":"MediaInfo","Version":"0.7.67","Date":"2019-11-07T16:50:38.25"},{"AVTransformationTestId":428966,"AVTransformationId":219802,"RawOutput":"DROID 6.1.5 No Profile mode: Runtime InformationSelected folder or file: \\\\sosdata\\SaveOurSounds\\live\\working\\48810\\transformations\\BL_WA2008-021-061_s1_f01_v1.mp4Binary signature file: D:\\BLAVSIPGenToolWorking\\DROID\\DROID_SignatureFile_V83.xmlContainer signature file: NoneOpen archives: False\\\\sosdata\\SaveOurSounds\\live\\working\\48810\\transformations\\BL_WA2008-021-061_s1_f01_v1.mp4,fmt/199","IsValid":true,"Name":"DROID","Version":"6.1.5^^DROID_SignatureFile_V83.xml","Date":"2019-11-07T16:50:38.297"}],"AVTransformationId":219802,"FileId":216145,"SourceFileName":"BL_WA2008-021-061_s1_f01_v1.wav","SourceDir":"\\\\p12l-nas6\\SOS_HLF\\Wildlife\\WA 2008 021 British Wildlife\\","OutputDir":"\\\\sosdata\\SaveOurSounds\\live\\working\\48810\\transformations\\","Reference":"id-216145-0","OriginalName":"\\\\sosdata\\SaveOurSounds\\live\\working\\48810\\transformations\\BL_WA2008-021-061_s1_f01_v1.mp4","FormatName":"audio/mp4","MessageDigestAlgorithm":"SHA-256","MessageDigest":"2199f656d968b63bae10e0f4a63eb2c0c3bd3c10109a95518ec4d65bd3c0741c","SizeBytes":16468819,"ValidationChecksumResult":1,"ValidationChecksumResultMessage":"Hash ok","ValidationChecksumTested":"2019-11-07T16:50:13.683","ValidationRequested":"2019-11-07T16:50:38.203","ValidationCompleted":"2019-11-07T16:50:41.24","ValidationAttemptCount":0,"ValidationRetryNext":null,"ValidationResult":"No errors, Warnings: Warning, file durations differ by 24ms (allowable difference threshold is 30ms)","IsValid":true,"MdArk":null,"TransformationServiceUri":"http://192.168.242.85/BL.DLS.AvTransformation.Service/CreateJob/","IsDummy":false,"ForceFailTransformationInitial4xx":false,"ForceFailTransformationInitial5xx":false,"ForceFailValidationChecksum":false,"ForceFailValidation":false,"SimulatedCallback":false,"OutputFileUri":"\\\\sosdata\\SaveOurSounds\\live\\working\\48810\\transformations\\BL_WA2008-021-061_s1_f01_v1.mp4","OutputFileName":"BL_WA2008-021-061_s1_f01_v1.mp4","MasterFileUri":"\\\\sosdata\\SaveOurSounds\\live\\working\\48810\\BL_WA2008-021-061_s1_f01_v1.wav","IsSimulated":false,"IsAwaitingTransformationSubmission":false,"IsAwaitingTransformationCallback":false,"IsAwaitingTransformationValidation":false,"IsTransformationValidationInProgress":false,"IsTransformationInProgress":false,"IsTransformationServiceRequestSuccess":false,"IsTransformationServiceSuccess":true,"IsTransformationServiceFail":false,"IsTransformValidationFailed":false,"TimeTakenMins":1,"State":"Transformation complete and transformed file is valid","Created":"2019-11-07T16:49:11.46","Modified":"2019-11-07T16:49:11.46","CallbackUri":"https://avsip.ad.bl.uk/api/files/TransformationCallback/","Queued":null,"Submitted":"2019-11-07T16:49:12.913","RetryCount":0,"RetryNext":null,"Failed":null,"Status":"Transformed and validatied, valid: True","InitialResult":true,"InitialResponseCode":200,"InitialResponseMessage":"","CallbackResultState":1,"CallbackRawResult":"\r\n 219802\r\n Success\r\n \r\n \\\\sosdata\\SaveOurSounds\\live\\working\\48810\\transformations\\BL_WA2008-021-061_s1_f01_v1.mp4\r\n \r\n 0\r\n \r\n SHA-256\r\n 2199f656d968b63bae10e0f4a63eb2c0c3bd3c10109a95518ec4d65bd3c0741c\r\n \r\n 16468819\r\n \r\n \r\n audio/mp4\r\n \r\n \r\n \r\n \r\n \r\n local\r\n wCJvyDHj\r\n \r\n FFMPEG;4.1.0\r\n Software\r\n \r\n \r\n \r\n local\r\n xBFPXbZ2\r\n \r\n transformation\r\n 2019-11-07T16:49:56.5866906+00:00\r\n \r\n Success\r\n \r\n \r\n local\r\n wCJvyDHj\r\n \r\n \r\n \r\n","CallbackReceived":"2019-11-07T16:50:01.787","CallbackMessage":"Transformation service completed successfully","CallbackTimedOut":null,"IsInitialSubmissionFailed":false,"TimeTaken":"0d 0hr 1min"},"IsTransformationInProgress":false,"TransformationInProgress":null,"IsTransformationValidationInProgress":false,"TransformationValidationInProgress":null,"HasTransformationFailed":false,"HasCopyOrAnalysisOrTransformationFailed":false,"IsCopyToServerRequested":false,"IsCopyToServerInProgress":false,"IsCopiedToServerSuccess":true,"HasCopyToServerFailed":false,"IsAnalysisRequested":false,"IsAnalysisInProgress":false,"HasAnalysisFailed":false,"CopyWaitTime":"10s","CopyTimeTaken":"9s","CopyWaitTimeMins":0.16723333333333334,"CopyTimeTakenMins":0.15471666666666667,"AnalysisWaitTime":"4s","AnalysisTimeTaken":"21s","AnalysisWaitTimeMins":0.071616666666666662,"AnalysisTimeTakenMins":0.35876666666666668},{"AVTransformations":[{"AVTransformationTests":[{"AVTransformationTestId":428977,"AVTransformationId":219805,"RawOutput":"2841GeneralGeneral01AACAACAAC LC\\\\sosdata\\SaveOurSounds\\live\\working\\48810\\transformations\\BL_WA2008-021-061_s1_f02_v1.mp4\\\\sosdata\\SaveOurSounds\\live\\working\\48810\\transformationsBL_WA2008-021-061_s1_f02_v1mp4MPEG-4MPEG-4mp4 m4v m4a m4b m4p 3gpp 3gp 3gpp2 3g2 k3g jpm jpx mqv ismv isma f4vMPEG-4Base Mediaaudio/mp4isomhttp://www.apple.com/quicktime/download/standalone.htmlMPEG-4MPEG-4mp4 m4v m4a m4b m4p 3gpp 3gp 3gpp2 3g2 k3g jpm jpx mqv ismv isma f4v6175604558.9 MiB59 MiB59 MiB58.9 MiB58.90 MiB191692031mn 56s31mn 56s 920ms31mn 56s00:31:56.920CBRConstant257730258 Kbps331795324 KiB (1%)324 KiB324 KiB324 KiB324.0 KiB324 KiB (1%)0.005373317636142425824YesUTC 2019-09-17 11:15:25UTC 2019-11-07 16:55:12.3002019-11-07 16:55:12.300UTC 2019-11-07 16:55:28.1592019-11-07 16:55:28.159Lavf58.20.1002221AudioAudio0011AACAdvanced Audio CodecAACLCNo (Explicit)No (Explicit)40AAC LCAAC LCAAC40191692031mn 56s31mn 56s 920ms31mn 56s00:31:56.920-4-4ms-4ms-4ms-00:00:00.004CBRConstant256345256 Kbps22 channelsFront: L R2/0/0L R4410044.1 KHz8453617282555LossyLossy6142425058.6 MiB (99%)59 MiB59 MiB58.6 MiB58.58 MiB58.6 MiB (99%)0.99463","IsValid":true,"Name":"MediaInfo","Version":"0.7.67","Date":"2019-11-07T16:56:09.263"},{"AVTransformationTestId":428978,"AVTransformationId":219805,"RawOutput":"DROID 6.1.5 No Profile mode: Runtime InformationSelected folder or file: \\\\sosdata\\SaveOurSounds\\live\\working\\48810\\transformations\\BL_WA2008-021-061_s1_f02_v1.mp4Binary signature file: D:\\BLAVSIPGenToolWorking\\DROID\\DROID_SignatureFile_V83.xmlContainer signature file: NoneOpen archives: False\\\\sosdata\\SaveOurSounds\\live\\working\\48810\\transformations\\BL_WA2008-021-061_s1_f02_v1.mp4,fmt/199","IsValid":true,"Name":"DROID","Version":"6.1.5^^DROID_SignatureFile_V83.xml","Date":"2019-11-07T16:56:09.343"}],"AVTransformationId":219805,"FileId":216146,"SourceFileName":"BL_WA2008-021-061_s1_f02_v1.wav","SourceDir":"\\\\p12l-nas6\\SOS_HLF\\Wildlife\\WA 2008 021 British Wildlife\\","OutputDir":"\\\\sosdata\\SaveOurSounds\\live\\working\\48810\\transformations\\","Reference":"id-216146-0","OriginalName":"\\\\sosdata\\SaveOurSounds\\live\\working\\48810\\transformations\\BL_WA2008-021-061_s1_f02_v1.mp4","FormatName":"audio/mp4","MessageDigestAlgorithm":"SHA-256","MessageDigest":"e7fcda54ab8816e5ad2437650d03b7b4c34329049db425bc3f43c9939d1b95cb","SizeBytes":61756045,"ValidationChecksumResult":1,"ValidationChecksumResultMessage":"Hash ok","ValidationChecksumTested":"2019-11-07T16:55:49.233","ValidationRequested":"2019-11-07T16:56:09.2","ValidationCompleted":"2019-11-07T16:56:12.387","ValidationAttemptCount":0,"ValidationRetryNext":null,"ValidationResult":"No errors, Warnings: Warning, file durations differ by 24ms (allowable difference threshold is 30ms)","IsValid":true,"MdArk":null,"TransformationServiceUri":"http://192.168.242.85/BL.DLS.AvTransformation.Service/CreateJob/","IsDummy":false,"ForceFailTransformationInitial4xx":false,"ForceFailTransformationInitial5xx":false,"ForceFailValidationChecksum":false,"ForceFailValidation":false,"SimulatedCallback":false,"OutputFileUri":"\\\\sosdata\\SaveOurSounds\\live\\working\\48810\\transformations\\BL_WA2008-021-061_s1_f02_v1.mp4","OutputFileName":"BL_WA2008-021-061_s1_f02_v1.mp4","MasterFileUri":"\\\\sosdata\\SaveOurSounds\\live\\working\\48810\\BL_WA2008-021-061_s1_f02_v1.wav","IsSimulated":false,"IsAwaitingTransformationSubmission":false,"IsAwaitingTransformationCallback":false,"IsAwaitingTransformationValidation":false,"IsTransformationValidationInProgress":false,"IsTransformationInProgress":false,"IsTransformationServiceRequestSuccess":false,"IsTransformationServiceSuccess":true,"IsTransformationServiceFail":false,"IsTransformValidationFailed":false,"TimeTakenMins":5,"State":"Transformation complete and transformed file is valid","Created":"2019-11-07T16:50:56.907","Modified":"2019-11-07T16:50:56.907","CallbackUri":"https://avsip.ad.bl.uk/api/files/TransformationCallback/","Queued":null,"Submitted":"2019-11-07T16:51:14.597","RetryCount":0,"RetryNext":null,"Failed":null,"Status":"Transformed and validatied, valid: True","InitialResult":true,"InitialResponseCode":200,"InitialResponseMessage":"","CallbackResultState":1,"CallbackRawResult":"\r\n 219805\r\n Success\r\n \r\n \\\\sosdata\\SaveOurSounds\\live\\working\\48810\\transformations\\BL_WA2008-021-061_s1_f02_v1.mp4\r\n \r\n 0\r\n \r\n SHA-256\r\n e7fcda54ab8816e5ad2437650d03b7b4c34329049db425bc3f43c9939d1b95cb\r\n \r\n 61756045\r\n \r\n \r\n audio/mp4\r\n \r\n \r\n \r\n \r\n \r\n local\r\n XoWOgx6z\r\n \r\n FFMPEG;4.1.0\r\n Software\r\n \r\n \r\n \r\n local\r\n nIOWzyxU\r\n \r\n transformation\r\n 2019-11-07T16:55:10.4141995+00:00\r\n \r\n Success\r\n \r\n \r\n local\r\n XoWOgx6z\r\n \r\n \r\n \r\n","CallbackReceived":"2019-11-07T16:55:28.247","CallbackMessage":"Transformation service completed successfully","CallbackTimedOut":null,"IsInitialSubmissionFailed":false,"TimeTaken":"0d 0hr 5min"}],"FileId":216146,"SIPId":48810,"SourceDirectoryId":6,"Name":"BL_WA2008-021-061_s1_f02_v1.wav","SourceDir":"\\\\p12l-nas6\\SOS_HLF\\Wildlife\\WA 2008 021 British Wildlife\\","HoldDir":"\\\\p12l-nas6\\SOS_HLF\\_hold\\48810\\216146\\","Size":1104132280,"CopyRequestedByUser":"449e230e-1e48-4fba-a4f6-5b6d9966f3bd","CopyStepStateId":390371,"CopyVerify":true,"CopyOverwrite":true,"CopyForceFail":false,"CopyForceFailChecksum":false,"CopyRequested":"2019-11-07T16:48:26.133","CopyStarted":"2019-11-07T16:48:36.1","CopyCompleted":"2019-11-07T16:49:14.583","CopyFailed":null,"Copied":true,"Verified":1,"AnalysisForceFail":false,"AutoTansformAfterAnalysis":true,"AnalysisRequested":"2019-11-07T16:49:14.583","AnalysisStarted":"2019-11-07T16:49:42.663","AnalysisCompleted":"2019-11-07T16:50:56.657","AnalysisFailed":null,"ProcessMetadata":null,"ValidationError":null,"MediaInfoXml":"2841GeneralGeneral01PCMPCMPCM\\\\sosdata\\SaveOurSounds\\live\\working\\48810\\BL_WA2008-021-061_s1_f02_v1.wav\\\\sosdata\\SaveOurSounds\\live\\working\\48810BL_WA2008-021-061_s1_f02_v1wavWaveWavewavWaveaudio/vnd.waveWaveWavewav11041322801.03 GiB1 GiB1.0 GiB1.03 GiB1.028 GiB191689631mn 56s31mn 56s 896ms31mn 56s00:31:56.896CBRConstant46080014 608 Kbps166166 Bytes (0%)166 Bytes166 Bytes166 Bytes166.0 Bytes166 Bytes (0%)0.00000Kevin LemonnierUTC 2019-09-17 11:15:25UTC 2019-11-07 16:48:36.3342019-11-07 16:48:36.334UTC 2019-11-07 16:49:09.2552019-11-07 16:49:09.255Wavelab 9.52221AudioAudio0PCMPCMLittle / SignedLittleSigned1http://www.microsoft.com/windows/PCMPCMPCMMicrosoft PCMhttp://www.microsoft.com/windows/1Little / SignedLittleSigned191689631mn 56s31mn 56s 896ms31mn 56s00:31:56.896CBRConstant46080004 608 Kbps22 channels9600096.0 KHz1840220162424 bits2424 bits11041321141.03 GiB (100%)1 GiB1.0 GiB1.03 GiB1.028 GiB1.03 GiB (100%)1.00000","IsMediaInfoValid":true,"MediaInfoVersion":"0.7.67","MediaInfoTestDate":"2019-11-07T16:50:47.883","MediaInfoFormat":"Wave","MediaInfoMIMEType":"audio/vnd.wave","DROIDPUID":"fmt/6","DROIDOutput":"DROID 6.1.5 No Profile mode: Runtime InformationSelected folder or file: \\\\sosdata\\SaveOurSounds\\live\\working\\48810\\BL_WA2008-021-061_s1_f02_v1.wavBinary signature file: D:\\BLAVSIPGenToolWorking\\DROID\\DROID_SignatureFile_V83.xmlContainer signature file: NoneOpen archives: False\\\\sosdata\\SaveOurSounds\\live\\working\\48810\\BL_WA2008-021-061_s1_f02_v1.wav,fmt/6","IsDROIDValid":true,"DROIDVersion":"6.1.5^^DROID_SignatureFile_V83.xml","DROIDTestDate":"2019-11-07T16:49:42.71","JHOVEXml":" 2019-11-07T16:50:48+00:00 WAVE-hul 2019-11-07T16:49:09+00:00 1104132280 WAVE Well-Formed and valid WAVE-hul Ignored unrecognized chunk: JUNK audio/vnd.wave; codec=1 PCMWAVEFORMAT WAVEMetadata AESAudioMetadata WAVE PCM audio in integer format LITTLE_ENDIAN 80 \\\\sosdata\\SaveOurSounds\\live\\working\\48810\\BL_WA2008-021-061_s1_f02_v1.wav 0 0 0 0 0 0 31 56 26 2819 0 0 0 0 0 0 31 56 26 2819 2 24 96000 CompressionCode PCM audio in integer format AverageBytesPerSecond 576000 BlockAlign 6 Data DataLength 1104132114 ListInfo CreationDate 2019-09-17T11:15:25Z Engineer Kevin Lemonnier Software Wavelab 9.5 728e0320 227b5654b7f50dcbe658131d01186c96 646ec09946708c904f0432a14c6c2859ebd5d7a6 ","IsJHOVEValid":true,"JHOVEVersion":"1.20.1^^WAVE-hul,1.6,2018-03-29","JHOVETestDate":"2019-11-07T16:50:48.037","JHOVETestSkippedDate":null,"RecordingArk":null,"IsJHOVETestPassed":true,"IsValid":true,"AudioInfo":{"Format":"PCM","Duration":"00:31:56.896","BitRate":"4 608 Kbps","SampleRate":"96.0 KHz","ChannelOutput":"2 channels"},"VideoInfo":{"Format":null,"Duration":null,"BitRate":null,"ColorModel":null,"Fps":null,"Width":null,"Height":null},"MdArk":null,"SHA256":null,"Created":null,"Modified":"2019-11-07T16:50:56.673","Archived":null,"Deleted":null,"FileEvents":null,"Duration":"00:31:56.896","DurationFromMediaInfo":"00:31:56.896","DurationFromAVTransformation":"00:31:56.920","IsVBRWithNoDuration":false,"SourcePath":"\\\\p12l-nas6\\SOS_HLF\\Wildlife\\WA 2008 021 British Wildlife\\BL_WA2008-021-061_s1_f02_v1.wav","HoldPath":"\\\\p12l-nas6\\SOS_HLF\\_hold\\48810\\216146\\BL_WA2008-021-061_s1_f02_v1.wav","AVTransformationMostRecentSuccessful":{"AVTransformationTests":[{"AVTransformationTestId":428977,"AVTransformationId":219805,"RawOutput":"2841GeneralGeneral01AACAACAAC LC\\\\sosdata\\SaveOurSounds\\live\\working\\48810\\transformations\\BL_WA2008-021-061_s1_f02_v1.mp4\\\\sosdata\\SaveOurSounds\\live\\working\\48810\\transformationsBL_WA2008-021-061_s1_f02_v1mp4MPEG-4MPEG-4mp4 m4v m4a m4b m4p 3gpp 3gp 3gpp2 3g2 k3g jpm jpx mqv ismv isma f4vMPEG-4Base Mediaaudio/mp4isomhttp://www.apple.com/quicktime/download/standalone.htmlMPEG-4MPEG-4mp4 m4v m4a m4b m4p 3gpp 3gp 3gpp2 3g2 k3g jpm jpx mqv ismv isma f4v6175604558.9 MiB59 MiB59 MiB58.9 MiB58.90 MiB191692031mn 56s31mn 56s 920ms31mn 56s00:31:56.920CBRConstant257730258 Kbps331795324 KiB (1%)324 KiB324 KiB324 KiB324.0 KiB324 KiB (1%)0.005373317636142425824YesUTC 2019-09-17 11:15:25UTC 2019-11-07 16:55:12.3002019-11-07 16:55:12.300UTC 2019-11-07 16:55:28.1592019-11-07 16:55:28.159Lavf58.20.1002221AudioAudio0011AACAdvanced Audio CodecAACLCNo (Explicit)No (Explicit)40AAC LCAAC LCAAC40191692031mn 56s31mn 56s 920ms31mn 56s00:31:56.920-4-4ms-4ms-4ms-00:00:00.004CBRConstant256345256 Kbps22 channelsFront: L R2/0/0L R4410044.1 KHz8453617282555LossyLossy6142425058.6 MiB (99%)59 MiB59 MiB58.6 MiB58.58 MiB58.6 MiB (99%)0.99463","IsValid":true,"Name":"MediaInfo","Version":"0.7.67","Date":"2019-11-07T16:56:09.263"},{"AVTransformationTestId":428978,"AVTransformationId":219805,"RawOutput":"DROID 6.1.5 No Profile mode: Runtime InformationSelected folder or file: \\\\sosdata\\SaveOurSounds\\live\\working\\48810\\transformations\\BL_WA2008-021-061_s1_f02_v1.mp4Binary signature file: D:\\BLAVSIPGenToolWorking\\DROID\\DROID_SignatureFile_V83.xmlContainer signature file: NoneOpen archives: False\\\\sosdata\\SaveOurSounds\\live\\working\\48810\\transformations\\BL_WA2008-021-061_s1_f02_v1.mp4,fmt/199","IsValid":true,"Name":"DROID","Version":"6.1.5^^DROID_SignatureFile_V83.xml","Date":"2019-11-07T16:56:09.343"}],"AVTransformationId":219805,"FileId":216146,"SourceFileName":"BL_WA2008-021-061_s1_f02_v1.wav","SourceDir":"\\\\p12l-nas6\\SOS_HLF\\Wildlife\\WA 2008 021 British Wildlife\\","OutputDir":"\\\\sosdata\\SaveOurSounds\\live\\working\\48810\\transformations\\","Reference":"id-216146-0","OriginalName":"\\\\sosdata\\SaveOurSounds\\live\\working\\48810\\transformations\\BL_WA2008-021-061_s1_f02_v1.mp4","FormatName":"audio/mp4","MessageDigestAlgorithm":"SHA-256","MessageDigest":"e7fcda54ab8816e5ad2437650d03b7b4c34329049db425bc3f43c9939d1b95cb","SizeBytes":61756045,"ValidationChecksumResult":1,"ValidationChecksumResultMessage":"Hash ok","ValidationChecksumTested":"2019-11-07T16:55:49.233","ValidationRequested":"2019-11-07T16:56:09.2","ValidationCompleted":"2019-11-07T16:56:12.387","ValidationAttemptCount":0,"ValidationRetryNext":null,"ValidationResult":"No errors, Warnings: Warning, file durations differ by 24ms (allowable difference threshold is 30ms)","IsValid":true,"MdArk":null,"TransformationServiceUri":"http://192.168.242.85/BL.DLS.AvTransformation.Service/CreateJob/","IsDummy":false,"ForceFailTransformationInitial4xx":false,"ForceFailTransformationInitial5xx":false,"ForceFailValidationChecksum":false,"ForceFailValidation":false,"SimulatedCallback":false,"OutputFileUri":"\\\\sosdata\\SaveOurSounds\\live\\working\\48810\\transformations\\BL_WA2008-021-061_s1_f02_v1.mp4","OutputFileName":"BL_WA2008-021-061_s1_f02_v1.mp4","MasterFileUri":"\\\\sosdata\\SaveOurSounds\\live\\working\\48810\\BL_WA2008-021-061_s1_f02_v1.wav","IsSimulated":false,"IsAwaitingTransformationSubmission":false,"IsAwaitingTransformationCallback":false,"IsAwaitingTransformationValidation":false,"IsTransformationValidationInProgress":false,"IsTransformationInProgress":false,"IsTransformationServiceRequestSuccess":false,"IsTransformationServiceSuccess":true,"IsTransformationServiceFail":false,"IsTransformValidationFailed":false,"TimeTakenMins":5,"State":"Transformation complete and transformed file is valid","Created":"2019-11-07T16:50:56.907","Modified":"2019-11-07T16:50:56.907","CallbackUri":"https://avsip.ad.bl.uk/api/files/TransformationCallback/","Queued":null,"Submitted":"2019-11-07T16:51:14.597","RetryCount":0,"RetryNext":null,"Failed":null,"Status":"Transformed and validatied, valid: True","InitialResult":true,"InitialResponseCode":200,"InitialResponseMessage":"","CallbackResultState":1,"CallbackRawResult":"\r\n 219805\r\n Success\r\n \r\n \\\\sosdata\\SaveOurSounds\\live\\working\\48810\\transformations\\BL_WA2008-021-061_s1_f02_v1.mp4\r\n \r\n 0\r\n \r\n SHA-256\r\n e7fcda54ab8816e5ad2437650d03b7b4c34329049db425bc3f43c9939d1b95cb\r\n \r\n 61756045\r\n \r\n \r\n audio/mp4\r\n \r\n \r\n \r\n \r\n \r\n local\r\n XoWOgx6z\r\n \r\n FFMPEG;4.1.0\r\n Software\r\n \r\n \r\n \r\n local\r\n nIOWzyxU\r\n \r\n transformation\r\n 2019-11-07T16:55:10.4141995+00:00\r\n \r\n Success\r\n \r\n \r\n local\r\n XoWOgx6z\r\n \r\n \r\n \r\n","CallbackReceived":"2019-11-07T16:55:28.247","CallbackMessage":"Transformation service completed successfully","CallbackTimedOut":null,"IsInitialSubmissionFailed":false,"TimeTaken":"0d 0hr 5min"},"IsTransformationInProgress":false,"TransformationInProgress":null,"IsTransformationValidationInProgress":false,"TransformationValidationInProgress":null,"HasTransformationFailed":false,"HasCopyOrAnalysisOrTransformationFailed":false,"IsCopyToServerRequested":false,"IsCopyToServerInProgress":false,"IsCopiedToServerSuccess":true,"HasCopyToServerFailed":false,"IsAnalysisRequested":false,"IsAnalysisInProgress":false,"HasAnalysisFailed":false,"CopyWaitTime":"9s","CopyTimeTaken":"38s","CopyWaitTimeMins":0.16611666666666666,"CopyTimeTakenMins":0.64138333333333331,"AnalysisWaitTime":"28s","AnalysisTimeTaken":"0d 0hr 1min","AnalysisWaitTimeMins":0.468,"AnalysisTimeTakenMins":1.2332333333333334}],"Recordings":[],"LogicalStructure":"","PhysicalStructure":"[{\"_MDARK\":null,\"_deleted\":null,\"nodeId\":0,\"text\":\"WA 2008/021/061, Tape 161 Orkney\",\"type\":\"node\",\"desc\":\"PhysicalResource\",\"invalid\":null,\"rights\":\"UNASSIGNED^^Unassigned Copyright Status\",\"rightsHolder\":\"The British Library\",\"_deletedNodes\":[],\"_deletedRanges\":[],\"children\":[{\"_MDARK\":null,\"_deleted\":null,\"nodeId\":1,\"text\":\"\",\"type\":\"node\",\"desc\":\"Tape\",\"invalid\":null,\"rights\":null,\"children\":[],\"recordingSurfaces\":[{\"_MDARK\":null,\"_deleted\":null,\"nodeId\":2,\"text\":\"\",\"type\":\"recording-surface\",\"desc\":\"Side\",\"invalid\":null,\"rights\":null,\"children\":null,\"recordingSurfaces\":null,\"files\":[{\"nodeId\":3,\"type\":\"file\",\"desc\":\"File\",\"text\":\"BL_WA2008-021-061_s1_f01_v1.wav 00:08:34.340\",\"fileId\":216145,\"fId\":\"file001\",\"ranges\":[],\"invalid\":null},{\"nodeId\":4,\"type\":\"file\",\"desc\":\"File\",\"text\":\"BL_WA2008-021-061_s1_f02_v1.wav 00:31:56.896\",\"fileId\":216146,\"fId\":\"file002\",\"ranges\":[],\"invalid\":null}]}],\"files\":[]}],\"recordingSurfaces\":null,\"files\":null,\"counterRange\":0,\"counterFile\":2,\"counterNode\":4}]","RightsJson":null,"RightsHolder":null,"ProcessMetadata":"{\"counterWorker\":1,\"counterProcess\":3,\"counterDevice\":6,\"counterComponent\":1,\"counterConnection\":10,\"counterSignal\":4,\"workerList\":[{\"id\":\"worker001\",\"UserId\":\"449e230e-1e48-4fba-a4f6-5b6d9966f3bd\",\"FirstName\":\"Kevin\",\"LastName\":\"Lemonnier\",\"Email\":\"kevin.lemonnier@bl.uk\",\"Occupation\":\"Preservation Audio Engineer\",\"Organisation\":\"The British Library\",\"Department\":\"Sound and Vision\",\"Website\":\"http://www.bl.uk\",\"Address\":\"96 Euston Road\",\"City\":\"London\",\"County\":\"London\",\"Postcode\":\"NW1 2DB\",\"Country\":\"UK\"}],\"processMetadata\":[{\"nodeId\":0,\"children\":[{\"nodeId\":\"proc001\",\"children\":[],\"text\":\"\",\"type\":\"process\",\"desc\":\"Process\",\"order\":\"\",\"orderLabel\":\"\",\"invalid\":null,\"processType\":\"Migration\",\"worker\":\"worker001\",\"devices\":[{\"nodeId\":\"dev001\",\"children\":[],\"text\":\"\",\"type\":\"device\",\"desc\":\"Device\",\"order\":\"\",\"orderLabel\":\"\",\"invalid\":null,\"deviceType\":\"Tape recorder\",\"functionalRole\":\"Reproducer\",\"deviceClass\":\"Hardware\",\"manufacturer\":\"Studer\",\"model\":\"A807\",\"serial\":\"1748\",\"notes\":\"\",\"logOutput\":\"\",\"master\":false,\"parameters\":{\"Tape recorder\":{\"conditionalParameters\":{},\"replaySpeed\":{\"value\":\"9.5^^cm/sec\",\"valueAttributeName\":\"\",\"isDeviceTypePreset\":false},\"equalisation\":{\"value\":\"CCIR^^\",\"valueAttributeName\":\"standard\",\"isDeviceTypePreset\":false},\"azimuthAdjustment\":{\"value\":\"Manual^^\",\"valueAttributeName\":\"type\",\"isDeviceTypePreset\":false}}},\"connections\":[{\"nodeId\":\"conn001\",\"children\":[],\"text\":\"\",\"type\":\"connection\",\"desc\":\"Connection\",\"order\":\"\",\"orderLabel\":\"\",\"invalid\":null,\"connectionType\":\"Output\",\"signalType\":\"Analogue\",\"signalFormat\":\"Analogue balanced\",\"interfaceType\":\"XLR\",\"channelNumber\":1,\"signalId\":\"sig001\",\"bg\":\"#cc9999\"},{\"nodeId\":\"conn002\",\"children\":[],\"text\":\"\",\"type\":\"connection\",\"desc\":\"Connection\",\"order\":\"\",\"orderLabel\":\"\",\"invalid\":null,\"connectionType\":\"Output\",\"signalType\":\"Analogue\",\"signalFormat\":\"Analogue balanced\",\"interfaceType\":\"XLR\",\"channelNumber\":2,\"signalId\":\"sig002\",\"bg\":\"#cc99ff\"}],\"components\":[{\"nodeId\":\"comp001\",\"children\":[],\"text\":\"\",\"type\":\"component\",\"desc\":\"Component\",\"order\":\"\",\"orderLabel\":\"\",\"invalid\":null,\"componentType\":\"head\",\"componentClass\":\"Hardware\",\"manufacturer\":\"Not known\",\"model\":\"IEC 94-6 1985 2 track\",\"serial\":\"\",\"settings\":{},\"parameters\":{\"head\":{\"conditionalParameters\":{}}},\"notes\":\"\"}],\"settings\":[]},{\"nodeId\":\"dev002\",\"children\":[],\"text\":\"\",\"type\":\"device\",\"desc\":\"Device\",\"order\":\"\",\"orderLabel\":\"\",\"invalid\":null,\"deviceType\":\"ADA converter\",\"functionalRole\":\"ADC\",\"deviceClass\":\"Hardware\",\"manufacturer\":\"PrismSound\",\"model\":\"Dream ADA-8XR\",\"serial\":\"01297\",\"notes\":\"\",\"logOutput\":\"\",\"master\":false,\"parameters\":{\"ADA converter\":{\"conditionalParameters\":{}}},\"connections\":[{\"nodeId\":\"conn003\",\"children\":[],\"text\":\"\",\"type\":\"connection\",\"desc\":\"Connection\",\"order\":\"\",\"orderLabel\":\"\",\"invalid\":null,\"connectionType\":\"Input\",\"signalType\":\"Analogue\",\"signalFormat\":\"Analogue balanced\",\"interfaceType\":\"XLR\",\"channelNumber\":3,\"signalId\":\"sig001\",\"bg\":\"#9999ff\"},{\"nodeId\":\"conn004\",\"children\":[],\"text\":\"\",\"type\":\"connection\",\"desc\":\"Connection\",\"order\":\"\",\"orderLabel\":\"\",\"invalid\":null,\"connectionType\":\"Input\",\"signalType\":\"Analogue\",\"signalFormat\":\"Analogue balanced\",\"interfaceType\":\"XLR\",\"channelNumber\":4,\"signalId\":\"sig002\",\"bg\":\"#cc99ff\"},{\"nodeId\":\"conn009\",\"children\":[],\"text\":\"\",\"type\":\"connection\",\"desc\":\"Connection\",\"order\":\"\",\"orderLabel\":\"\",\"invalid\":null,\"connectionType\":\"Output\",\"signalType\":\"Digital\",\"signalFormat\":\"Digital\",\"interfaceType\":\"AES3\",\"channelNumber\":3,\"signalId\":\"sig001\",\"bg\":\"#ffcccc\"},{\"nodeId\":\"conn010\",\"children\":[],\"text\":\"\",\"type\":\"connection\",\"desc\":\"Connection\",\"order\":\"\",\"orderLabel\":\"\",\"invalid\":null,\"connectionType\":\"Output\",\"signalType\":\"Digital\",\"signalFormat\":\"Digital\",\"interfaceType\":\"AES3\",\"channelNumber\":4,\"signalId\":\"sig002\",\"bg\":\"#cc99ff\"}],\"components\":[],\"settings\":[]},{\"nodeId\":\"dev003\",\"children\":[],\"text\":\"\",\"type\":\"device\",\"desc\":\"Device\",\"order\":\"\",\"orderLabel\":\"\",\"invalid\":null,\"deviceType\":\"ADA converter\",\"functionalRole\":\"DDC\",\"deviceClass\":\"Hardware\",\"manufacturer\":\"RME\",\"model\":\"HDSP AES-32\",\"serial\":\"\",\"notes\":\"\",\"logOutput\":\"\",\"master\":true,\"parameters\":{\"ADA converter\":{\"conditionalParameters\":{}}},\"connections\":[{\"nodeId\":\"conn007\",\"children\":[],\"text\":\"\",\"type\":\"connection\",\"desc\":\"Connection\",\"order\":\"\",\"orderLabel\":\"\",\"invalid\":null,\"connectionType\":\"Input\",\"signalType\":\"Analogue\",\"signalFormat\":\"Analogue balanced\",\"interfaceType\":\"XLR\",\"channelNumber\":3,\"signalId\":\"sig001\",\"bg\":\"#99cc99\"},{\"nodeId\":\"conn008\",\"children\":[],\"text\":\"\",\"type\":\"connection\",\"desc\":\"Connection\",\"order\":\"\",\"orderLabel\":\"\",\"invalid\":null,\"connectionType\":\"Input\",\"signalType\":\"Analogue\",\"signalFormat\":\"Analogue balanced\",\"interfaceType\":\"XLR\",\"channelNumber\":4,\"signalId\":\"sig002\",\"bg\":\"#cc99ff\"}],\"components\":[],\"settings\":[]}],\"date\":\"2019-11-07\"},{\"nodeId\":\"proc002\",\"children\":[],\"text\":\"\",\"type\":\"process\",\"desc\":\"Process\",\"order\":\"\",\"orderLabel\":\"\",\"invalid\":null,\"processType\":\"Capture\",\"worker\":\"worker001\",\"devices\":[{\"nodeId\":\"dev005\",\"children\":[],\"text\":\"\",\"type\":\"device\",\"desc\":\"Device\",\"order\":\"\",\"orderLabel\":\"\",\"invalid\":null,\"deviceType\":\"Digital audio editor\",\"functionalRole\":\"Recorder\",\"deviceClass\":\"Software\",\"manufacturer\":\"Steinberg\",\"model\":\"Wavelab 6.x\",\"serial\":\"\",\"notes\":\"\",\"logOutput\":\"\",\"master\":false,\"parameters\":{\"Digital audio editor\":{\"conditionalParameters\":{}}},\"connections\":[],\"components\":[],\"settings\":[]}],\"date\":\"2019-11-07\"},{\"nodeId\":\"proc003\",\"children\":[],\"text\":\"\",\"type\":\"process\",\"desc\":\"Process\",\"order\":\"\",\"orderLabel\":\"\",\"invalid\":null,\"processType\":\"Editing\",\"worker\":\"worker001\",\"devices\":[{\"nodeId\":\"dev006\",\"children\":[],\"text\":\"\",\"type\":\"device\",\"desc\":\"Device\",\"order\":\"\",\"orderLabel\":\"\",\"invalid\":null,\"deviceType\":\"Digital audio editor\",\"functionalRole\":\"Recorder\",\"deviceClass\":\"Software\",\"manufacturer\":\"Steinberg\",\"model\":\"Wavelab 9.x\",\"serial\":\"\",\"notes\":null,\"logOutput\":\"\",\"master\":false,\"parameters\":{\"Digital audio editor\":{\"conditionalParameters\":{}}},\"connections\":[],\"components\":[],\"settings\":[]}],\"date\":\"2019-11-07\"}],\"text\":\"WA 2008/021/061, Tape 161 Orkney\",\"type\":\"process-metadata\",\"desc\":\"ProcessMetadata\",\"order\":\"\",\"orderLabel\":\"\",\"invalid\":null,\"configVersion\":\"2.1\"}],\"processMetadataVocab\":{\"blaphXsdVersion\":\"2.1\",\"processTypes\":[{\"processTypeID\":1,\"name\":\"Preparation\",\"label\":\"Preparation\"},{\"processTypeID\":2,\"name\":\"Migration\",\"label\":\"Migration\"},{\"processTypeID\":3,\"name\":\"Capture\",\"label\":\"Capture\"},{\"processTypeID\":4,\"name\":\"Editing\",\"label\":\"Editing\"},{\"processTypeID\":5,\"name\":\"Processing\",\"label\":\"Processing\"},{\"processTypeID\":6,\"name\":\"Quality control\",\"label\":\"QC\"}],\"deviceTypes\":[{\"typeID\":22,\"name\":\"ADA converter\",\"label\":\"ADA converter\",\"deviceClass\":\"Hardware\",\"functionalRoles\":[{\"functionalRoleID\":1,\"name\":\"ADC\",\"label\":\"ADC\"},{\"functionalRoleID\":2,\"name\":\"DAC\",\"label\":\"DAC\"},{\"functionalRoleID\":3,\"name\":\"DDC\",\"label\":\"DDC\"}],\"manufacturers\":[{\"manufacturerID\":1,\"name\":\"Apogee\",\"models\":[{\"modelID\":1,\"name\":\"Rosetta 800\"},{\"modelID\":0,\"name\":\"Unknown\"}]},{\"manufacturerID\":2,\"name\":\"Lake People\",\"models\":[{\"modelID\":1,\"name\":\"F444-D\"},{\"modelID\":0,\"name\":\"Unknown\"}]},{\"manufacturerID\":3,\"name\":\"M-Audio\",\"models\":[{\"modelID\":1,\"name\":\"Profire 610\"},{\"modelID\":2,\"name\":\"CO3\"},{\"modelID\":0,\"name\":\"Unknown\"}]},{\"manufacturerID\":4,\"name\":\"PrismSound\",\"models\":[{\"modelID\":1,\"name\":\"Dream ADA-8XR\"},{\"modelID\":2,\"name\":\"Orpheus\"},{\"modelID\":3,\"name\":\"Titan\"},{\"modelID\":0,\"name\":\"Unknown\"}]},{\"manufacturerID\":5,\"name\":\"RME\",\"models\":[{\"modelID\":1,\"name\":\"HDSP AES-32\"},{\"modelID\":2,\"name\":\"ADI-8 QS\"},{\"modelID\":0,\"name\":\"Unknown\"}]},{\"manufacturerID\":6,\"name\":\"SADiE\",\"models\":[{\"modelID\":1,\"name\":\"Series 5\"},{\"modelID\":0,\"name\":\"Unknown\"}]},{\"manufacturerID\":7,\"name\":\"Sony\",\"models\":[{\"modelID\":1,\"name\":\"PCM-100\"},{\"modelID\":2,\"name\":\"PCM-501 ES\"},{\"modelID\":3,\"name\":\"PCM-601 ES\"},{\"modelID\":4,\"name\":\"PCM-701 ES\"},{\"modelID\":5,\"name\":\"PCM-F1\"},{\"modelID\":6,\"name\":\"PCM-1600\"},{\"modelID\":7,\"name\":\"PCM-1610\"},{\"modelID\":8,\"name\":\"PCM-1630\"},{\"modelID\":0,\"name\":\"Unknown\"}]},{\"manufacturerID\":8,\"name\":\"Not known\",\"models\":[{\"modelID\":1,\"name\":\"Unknown\"}]}],\"components\":[],\"parameters\":[]},{\"typeID\":10,\"name\":\"Betamax recorder\",\"label\":\"Betamax recorder\",\"deviceClass\":\"Hardware\",\"functionalRoles\":[{\"functionalRoleID\":1,\"name\":\"Reproducer\",\"label\":\"Reproducer\"}],\"manufacturers\":[{\"manufacturerID\":1,\"name\":\"Sony\",\"models\":[{\"modelID\":1,\"name\":\"SL-700ME\"},{\"modelID\":2,\"name\":\"SL-C5UB\"},{\"modelID\":3,\"name\":\"SL-C20UB\"},{\"modelID\":4,\"name\":\"SL-C7\"},{\"modelID\":5,\"name\":\"SL-C9\"},{\"modelID\":6,\"name\":\"SL-F1UB\"},{\"modelID\":7,\"name\":\"SL-F25UB\"},{\"modelID\":8,\"name\":\"SL-F30\"},{\"modelID\":9,\"name\":\"SL-HF100UB\"},{\"modelID\":10,\"name\":\"SL-HF350\"},{\"modelID\":11,\"name\":\"SL-HF950\"},{\"modelID\":12,\"name\":\"SLO-1700\"},{\"modelID\":0,\"name\":\"Unknown\"}]},{\"manufacturerID\":2,\"name\":\"Not known\",\"models\":[{\"modelID\":1,\"name\":\"Unknown\"}]}],\"components\":[],\"parameters\":[]},{\"typeID\":16,\"name\":\"CD player\",\"label\":\"CD player\",\"deviceClass\":\"Hardware\",\"functionalRoles\":[{\"functionalRoleID\":1,\"name\":\"Reproducer\",\"label\":\"Reproducer\"}],\"manufacturers\":[{\"manufacturerID\":1,\"name\":\"Marantz\",\"models\":[{\"modelID\":1,\"name\":\"CDR 620\"},{\"modelID\":2,\"name\":\"PMD 321\"},{\"modelID\":0,\"name\":\"Unknown\"}]},{\"manufacturerID\":2,\"name\":\"Not known\",\"models\":[{\"modelID\":1,\"name\":\"Unknown\"}]}],\"components\":[],\"parameters\":[]},{\"typeID\":17,\"name\":\"CD recorder\",\"label\":\"CD recorder\",\"deviceClass\":\"Hardware\",\"functionalRoles\":[{\"functionalRoleID\":1,\"name\":\"Recorder\",\"label\":\"Recorder\"}],\"manufacturers\":[{\"manufacturerID\":1,\"name\":\"HHB\",\"models\":[{\"modelID\":1,\"name\":\"CDR-850 PLUS\"},{\"modelID\":2,\"name\":\"CDR-850\"},{\"modelID\":3,\"name\":\"CDR-830 PLUS\"},{\"modelID\":0,\"name\":\"Unknown\"}]},{\"manufacturerID\":2,\"name\":\"Marantz\",\"models\":[{\"modelID\":1,\"name\":\"CDR 615\"},{\"modelID\":2,\"name\":\"CDR 620\"},{\"modelID\":0,\"name\":\"Unknown\"}]},{\"manufacturerID\":3,\"name\":\"Philips\",\"models\":[{\"modelID\":1,\"name\":\"CDR 765\"},{\"modelID\":2,\"name\":\"CDR 870\"},{\"modelID\":0,\"name\":\"Unknown\"}]},{\"manufacturerID\":4,\"name\":\"Not known\",\"models\":[{\"modelID\":1,\"name\":\"Unknown\"}]}],\"components\":[],\"parameters\":[]},{\"typeID\":6,\"name\":\"Cassette recorder\",\"label\":\"Cassette recorder\",\"deviceClass\":\"Hardware\",\"functionalRoles\":[{\"functionalRoleID\":1,\"name\":\"Reproducer\",\"label\":\"Reproducer\"}],\"manufacturers\":[{\"manufacturerID\":1,\"name\":\"Grundig\",\"models\":[{\"modelID\":1,\"name\":\"Stenorette 2200\"},{\"modelID\":2,\"name\":\"Stenorette 2400\"},{\"modelID\":0,\"name\":\"Unknown\"}]},{\"manufacturerID\":2,\"name\":\"Nakamichi\",\"models\":[{\"modelID\":1,\"name\":\"Dragon\"},{\"modelID\":0,\"name\":\"Unknown\"}]},{\"manufacturerID\":3,\"name\":\"Olympus\",\"models\":[{\"modelID\":1,\"name\":\"T2020\"},{\"modelID\":0,\"name\":\"Unknown\"}]},{\"manufacturerID\":4,\"name\":\"Philips\",\"models\":[{\"modelID\":1,\"name\":\"LFH-720\"},{\"modelID\":0,\"name\":\"Unknown\"}]},{\"manufacturerID\":5,\"name\":\"Sanyo\",\"models\":[{\"modelID\":1,\"name\":\"Memoscriber TRC-6400\"},{\"modelID\":0,\"name\":\"Unknown\"}]},{\"manufacturerID\":6,\"name\":\"Tascam\",\"models\":[{\"modelID\":1,\"name\":\"122 MkIII\"},{\"modelID\":2,\"name\":\"122 MkII\"},{\"modelID\":3,\"name\":\"112 MkII\"},{\"modelID\":4,\"name\":\"134 Syncaset\"},{\"modelID\":0,\"name\":\"Unknown\"}]},{\"manufacturerID\":7,\"name\":\"Studer\",\"models\":[{\"modelID\":1,\"name\":\"A710\"},{\"modelID\":0,\"name\":\"Unknown\"}]},{\"manufacturerID\":8,\"name\":\"Yamaha\",\"models\":[{\"modelID\":1,\"name\":\"MT44D\"},{\"modelID\":2,\"name\":\"MT3X\"},{\"modelID\":0,\"name\":\"Unknown\"}]},{\"manufacturerID\":9,\"name\":\"Denon\",\"models\":[{\"modelID\":1,\"name\":\"DN-790R\"},{\"modelID\":0,\"name\":\"Unknown\"}]},{\"manufacturerID\":10,\"name\":\"Not known\",\"models\":[{\"modelID\":1,\"name\":\"Unknown\"}]}],\"components\":[],\"parameters\":[{\"parameterID\":1,\"name\":\"equalisation\",\"label\":\"Equalisation standard\",\"valueAttributeName\":\"standard\",\"isDeviceTypePreset\":false,\"options\":[{\"id\":1,\"value\":\"IEC Type I\",\"units\":\"\"},{\"id\":2,\"value\":\"IEC Type II\",\"units\":\"\"},{\"id\":3,\"value\":\"IEC Type IV\",\"units\":\"\"},{\"id\":0,\"value\":\"Not known\",\"units\":\"\"}],\"conditionalParameters\":[]},{\"parameterID\":2,\"name\":\"noiseReduction\",\"label\":\"Noise reduction\",\"valueAttributeName\":\"type\",\"isDeviceTypePreset\":false,\"options\":[{\"id\":1,\"value\":\"Dolby B\",\"units\":\"\"},{\"id\":2,\"value\":\"Dolby C\",\"units\":\"\"},{\"id\":3,\"value\":\"Dolby S\",\"units\":\"\"},{\"id\":4,\"value\":\"dbx Type I\",\"units\":\"\"},{\"id\":5,\"value\":\"dbx Type II\",\"units\":\"\"},{\"id\":6,\"value\":\"None\",\"units\":\"\"},{\"id\":0,\"value\":\"Not known\",\"units\":\"\"}],\"conditionalParameters\":[]},{\"parameterID\":3,\"name\":\"azimuthAdjustment\",\"label\":\"Azimuth adjustment\",\"valueAttributeName\":\"type\",\"isDeviceTypePreset\":false,\"options\":[{\"id\":1,\"value\":\"Manual\",\"units\":\"\"},{\"id\":2,\"value\":\"Automatic\",\"units\":\"\"}],\"conditionalParameters\":[]}]},{\"typeID\":12,\"name\":\"Cylinder player\",\"label\":\"Cylinder player\",\"deviceClass\":\"Hardware\",\"functionalRoles\":[{\"functionalRoleID\":1,\"name\":\"Reproducer\",\"label\":\"Reproducer\"}],\"manufacturers\":[{\"manufacturerID\":1,\"name\":\"Pelec\",\"models\":[{\"modelID\":1,\"name\":\"Universal Cylinder Player\"}]},{\"manufacturerID\":2,\"name\":\"Not known\",\"models\":[{\"modelID\":1,\"name\":\"Unknown\"}]}],\"components\":[{\"componentID\":1,\"name\":\"Stylus\",\"label\":\"Stylus\",\"componentClass\":\"Hardware\",\"manufacturers\":[{\"componentManufacturerID\":1,\"name\":\"Shure\",\"models\":[{\"modelID\":1,\"name\":\"N44-7\"},{\"modelID\":0,\"name\":\"Unknown\"}]},{\"componentManufacturerID\":2,\"name\":\"Expert Stylus\",\"models\":[{\"modelID\":1,\"name\":\"2 min\"},{\"modelID\":2,\"name\":\"3.7FCR\"},{\"modelID\":3,\"name\":\"3.7FFR\"},{\"modelID\":4,\"name\":\"4 min\"},{\"modelID\":5,\"name\":\"5.0FFR\"},{\"modelID\":6,\"name\":\"6.0FFR\"},{\"modelID\":7,\"name\":\"8.0FFR\"},{\"modelID\":8,\"name\":\"16.0FFR\"},{\"modelID\":0,\"name\":\"Unknown\"}]},{\"componentManufacturerID\":3,\"name\":\"Not known\",\"models\":[{\"modelID\":1,\"name\":\"Unknown\"}]}],\"componentSettings\":[],\"parameters\":[]},{\"componentID\":2,\"name\":\"Tone arm\",\"label\":\"Tone arm\",\"componentClass\":\"Hardware\",\"manufacturers\":[{\"componentManufacturerID\":1,\"name\":\"Pelec\",\"models\":[{\"modelID\":1,\"name\":\"Custom\"}]}],\"componentSettings\":[{\"id\":1,\"name\":\"trackingForce\",\"label\":\"Weight\",\"type\":\"decimal\",\"required\":true,\"units\":[{\"id\":1,\"value\":\"Grams\"}]}],\"parameters\":[]}],\"parameters\":[{\"parameterID\":1,\"name\":\"replaySpeed\",\"label\":\"Speed\",\"valueAttributeName\":\"\",\"isDeviceTypePreset\":false,\"options\":[{\"id\":1,\"value\":\"160\",\"units\":\"rpm\"},{\"id\":2,\"value\":\"80\",\"units\":\"rpm\"},{\"id\":3,\"value\":\"144\",\"units\":\"rpm\"},{\"id\":4,\"value\":\"72\",\"units\":\"rpm\"},{\"id\":0,\"value\":\"Other\",\"units\":\"\"}],\"conditionalParameters\":[{\"conditionalParameterID\":1,\"name\":\"replaySpeed\",\"label\":\"Custom speed\",\"trigger\":\"Other\",\"options\":[{\"id\":0,\"name\":\"replaySpeed\",\"label\":\"Speed value (integer) and units\",\"type\":\"int\",\"required\":true,\"xsdElementName\":\"\",\"wrapperElement\":\"\",\"units\":[{\"id\":1,\"value\":\"rpm\"}]}]}]}]},{\"typeID\":13,\"name\":\"DAT recorder\",\"label\":\"DAT recorder\",\"deviceClass\":\"Hardware\",\"functionalRoles\":[{\"functionalRoleID\":1,\"name\":\"Reproducer\",\"label\":\"Reproducer\"}],\"manufacturers\":[{\"manufacturerID\":1,\"name\":\"Sony\",\"models\":[{\"modelID\":1,\"name\":\"PCM-R300\"},{\"modelID\":2,\"name\":\"PCM-R500\"},{\"modelID\":3,\"name\":\"PCM-R700\"},{\"modelID\":4,\"name\":\"PCM-2700\"},{\"modelID\":5,\"name\":\"PCM-2700A\"},{\"modelID\":6,\"name\":\"PCM-7010\"},{\"modelID\":7,\"name\":\"DTC-55ES\"},{\"modelID\":8,\"name\":\"DTC-690\"},{\"modelID\":9,\"name\":\"DTC-77ES\"},{\"modelID\":10,\"name\":\"DTC-1000ES\"},{\"modelID\":0,\"name\":\"Unknown\"}]},{\"manufacturerID\":2,\"name\":\"Panasonic\",\"models\":[{\"modelID\":1,\"name\":\"SV-3800\"},{\"modelID\":2,\"name\":\"SV-3800EB-H\"},{\"modelID\":0,\"name\":\"Unknown\"}]},{\"manufacturerID\":3,\"name\":\"Tascam\",\"models\":[{\"modelID\":1,\"name\":\"DA-20\"},{\"modelID\":2,\"name\":\"DA-20MKII\"},{\"modelID\":3,\"name\":\"DA-30MKII\"},{\"modelID\":4,\"name\":\"DA-40\"},{\"modelID\":5,\"name\":\"DA-302\"},{\"modelID\":0,\"name\":\"Unknown\"}]},{\"manufacturerID\":4,\"name\":\"Not known\",\"models\":[{\"modelID\":1,\"name\":\"Unknown\"}]}],\"components\":[],\"parameters\":[]},{\"typeID\":14,\"name\":\"DDS drive\",\"label\":\"DDS drive\",\"deviceClass\":\"Hardware\",\"functionalRoles\":[{\"functionalRoleID\":1,\"name\":\"Reproducer\",\"label\":\"Reproducer\"}],\"manufacturers\":[{\"manufacturerID\":1,\"name\":\"Seagate\",\"models\":[{\"modelID\":1,\"name\":\"CTD-8000\"},{\"modelID\":0,\"name\":\"Unknown\"}]},{\"manufacturerID\":2,\"name\":\"Not known\",\"models\":[{\"modelID\":1,\"name\":\"Unknown\"}]}],\"components\":[],\"parameters\":[]},{\"typeID\":24,\"name\":\"Digital audio editor\",\"label\":\"Digital audio editor\",\"deviceClass\":\"Software\",\"functionalRoles\":[{\"functionalRoleID\":1,\"name\":\"Recorder\",\"label\":\"Recorder\"},{\"functionalRoleID\":2,\"name\":\"Digital audio editor\",\"label\":\"Digital audio editor\"},{\"functionalRoleID\":3,\"name\":\"Digital audio processor\",\"label\":\"Digital audio processor\"}],\"manufacturers\":[{\"manufacturerID\":1,\"name\":\"The Audacity Team\",\"models\":[{\"modelID\":1,\"name\":\"Audacity 2.x\"}]},{\"manufacturerID\":2,\"name\":\"CubeTec\",\"models\":[{\"modelID\":1,\"name\":\"Quadriga 3.5.x\"}]},{\"manufacturerID\":3,\"name\":\"Steinberg\",\"models\":[{\"modelID\":1,\"name\":\"Wavelab 6.x\"},{\"modelID\":2,\"name\":\"Wavelab 7.x\"},{\"modelID\":3,\"name\":\"Wavelab 8.x\"},{\"modelID\":4,\"name\":\"Wavelab 9.x\"},{\"modelID\":5,\"name\":\"Wavelab 10.x\"}]},{\"manufacturerID\":4,\"name\":\"SADiE\",\"models\":[{\"modelID\":1,\"name\":\"SADiE Series 5\"}]},{\"manufacturerID\":5,\"name\":\"Cockos\",\"models\":[{\"modelID\":1,\"name\":\"REAPER v5.x\"}]},{\"manufacturerID\":6,\"name\":\"MAGIX\",\"models\":[{\"modelID\":1,\"name\":\"Samplitude Pro X3\"}]},{\"manufacturerID\":7,\"name\":\"Avid\",\"models\":[{\"modelID\":1,\"name\":\"Pro Tools HD\"}]},{\"manufacturerID\":8,\"name\":\"Not known\",\"models\":[{\"modelID\":1,\"name\":\"Unknown\"}]}],\"components\":[{\"componentID\":1,\"name\":\"Plug-in\",\"label\":\"Plug-in\",\"componentClass\":\"Software\",\"manufacturers\":[{\"componentManufacturerID\":1,\"name\":\"Cube-Tec\",\"models\":[{\"modelID\":1,\"name\":\"PlaybackEQ\"}]},{\"componentManufacturerID\":2,\"name\":\"Brian Davies\",\"models\":[{\"modelID\":1,\"name\":\"Equalizer v2.0\"}]}],\"componentSettings\":[],\"parameters\":[{\"parameterID\":1,\"name\":\"equalisation\",\"label\":\"Preset\",\"valueAttributeName\":\"standard\",\"isDeviceTypePreset\":true,\"options\":[{\"id\":1,\"value\":\"CD, DAT, PCM de-emphasis\",\"units\":\"\"},{\"id\":2,\"value\":\"US MID 30\",\"units\":\"\"},{\"id\":3,\"value\":\"WESTREX\",\"units\":\"\"},{\"id\":4,\"value\":\"HMV\",\"units\":\"\"},{\"id\":5,\"value\":\"ffrr 1949\",\"units\":\"\"},{\"id\":6,\"value\":\"EARLY DECCA\",\"units\":\"\"},{\"id\":7,\"value\":\"DECCA 78\",\"units\":\"\"},{\"id\":8,\"value\":\"BSI\",\"units\":\"\"},{\"id\":9,\"value\":\"Columbia\",\"units\":\"\"},{\"id\":10,\"value\":\"BLUMLEIN\",\"units\":\"\"},{\"id\":11,\"value\":\"EMI LP\",\"units\":\"\"},{\"id\":12,\"value\":\"NAB\",\"units\":\"\"},{\"id\":13,\"value\":\"RIAA (CCIR)\",\"units\":\"\"},{\"id\":14,\"value\":\"ffrr LP 1953\",\"units\":\"\"},{\"id\":15,\"value\":\"ffrr LP\",\"units\":\"\"},{\"id\":16,\"value\":\"Columbia LP\",\"units\":\"\"},{\"id\":17,\"value\":\"Columbia LP\",\"units\":\"\"},{\"id\":0,\"value\":\"Undefined\",\"units\":\"\"}],\"conditionalParameters\":[{\"conditionalParameterID\":1,\"name\":\"equalisation\",\"label\":\"Equalisation\",\"trigger\":\"Undefined\",\"options\":[{\"id\":1,\"name\":\"slope-1\",\"label\":\"Turnover 1 Slope\",\"type\":\"decimal\",\"required\":true,\"xsdElementName\":\"slope\",\"wrapperElement\":\"turnover1\",\"units\":[{\"id\":1,\"value\":\"dB/octave\"},{\"id\":2,\"value\":\"dB/decade\"}]},{\"id\":2,\"name\":\"turnover-1\",\"label\":\"Turnover 1 EQ\",\"type\":\"decimal\",\"required\":true,\"xsdElementName\":\"turnover\",\"wrapperElement\":\"turnover1\",\"units\":[{\"id\":1,\"value\":\"Hz\"},{\"id\":2,\"value\":\"KHz\"},{\"id\":3,\"value\":\"μs\"}]},{\"id\":3,\"name\":\"slope-2\",\"label\":\"Turnover 2 Slope\",\"type\":\"decimal\",\"required\":false,\"xsdElementName\":\"slope\",\"wrapperElement\":\"turnover2\",\"units\":[{\"id\":1,\"value\":\"dB/octave\"},{\"id\":2,\"value\":\"dB/decade\"}]},{\"id\":4,\"name\":\"turnover-2\",\"label\":\"Turnover 2 EQ\",\"type\":\"decimal\",\"required\":false,\"xsdElementName\":\"turnover\",\"wrapperElement\":\"turnover2\",\"units\":[{\"id\":1,\"value\":\"Hz\"},{\"id\":2,\"value\":\"KHz\"},{\"id\":3,\"value\":\"μs\"}]},{\"id\":5,\"name\":\"slope-3\",\"label\":\"Turnover 3 Slope\",\"type\":\"decimal\",\"required\":false,\"xsdElementName\":\"slope\",\"wrapperElement\":\"turnover3\",\"units\":[{\"id\":1,\"value\":\"dB/octave\"},{\"id\":2,\"value\":\"dB/decade\"}]},{\"id\":6,\"name\":\"turnover-3\",\"label\":\"Turnover 3 EQ\",\"type\":\"decimal\",\"required\":false,\"xsdElementName\":\"turnover\",\"wrapperElement\":\"turnover3\",\"units\":[{\"id\":1,\"value\":\"Hz\"},{\"id\":2,\"value\":\"KHz\"},{\"id\":3,\"value\":\"μs\"}]}]}]}]}],\"parameters\":[]},{\"typeID\":25,\"name\":\"Digital audio processor\",\"label\":\"Digital audio processor\",\"deviceClass\":\"Software\",\"functionalRoles\":[{\"functionalRoleID\":1,\"name\":\"Recorder\",\"label\":\"Recorder\"},{\"functionalRoleID\":2,\"name\":\"Digital audio processor\",\"label\":\"Digital audio processor\"}],\"manufacturers\":[{\"manufacturerID\":1,\"name\":\"Cube-Tec\",\"models\":[{\"modelID\":1,\"name\":\"CD Inspector 2.x\"}]},{\"manufacturerID\":2,\"name\":\"Eduard Ungemach\",\"models\":[{\"modelID\":1,\"name\":\"VDAT 0.6h\"}]},{\"manufacturerID\":3,\"name\":\"FFmpeg team\",\"models\":[{\"modelID\":1,\"name\":\"FFmpeg 3.x.x\"}]},{\"manufacturerID\":4,\"name\":\"Illustrate\",\"models\":[{\"modelID\":1,\"name\":\"dBpoweramp R14.4\"},{\"modelID\":2,\"name\":\"dBpoweramp R15.2\"},{\"modelID\":3,\"name\":\"dBpoweramp R16.4\"}]},{\"manufacturerID\":5,\"name\":\"Piotr Pawłowski\",\"models\":[{\"modelID\":1,\"name\":\"foobar2000 1.3.x\"}]},{\"manufacturerID\":6,\"name\":\"Plextor\",\"models\":[{\"modelID\":1,\"name\":\"Plextools Professional XL 3.16\"}]},{\"manufacturerID\":7,\"name\":\"Sony\",\"models\":[{\"modelID\":1,\"name\":\"SonicStage 3.4\"}]},{\"manufacturerID\":8,\"name\":\"SoX team\",\"models\":[{\"modelID\":1,\"name\":\"SoX 14.x.x\"}]},{\"manufacturerID\":9,\"name\":\"Not known\",\"models\":[{\"modelID\":1,\"name\":\"Unknown\"}]}],\"components\":[],\"parameters\":[]},{\"typeID\":2,\"name\":\"Disc cleaning machine\",\"label\":\"Disc cleaning machine\",\"deviceClass\":\"Hardware\",\"functionalRoles\":[{\"functionalRoleID\":1,\"name\":\"Cleaner\",\"label\":\"Cleaner\"}],\"manufacturers\":[{\"manufacturerID\":1,\"name\":\"Keith Monks\",\"models\":[{\"modelID\":1,\"name\":\"Gemini RCM MKIII\"}]},{\"manufacturerID\":2,\"name\":\"Not known\",\"models\":[{\"modelID\":1,\"name\":\"Unknown\"}]}],\"components\":[],\"parameters\":[]},{\"typeID\":27,\"name\":\"Equaliser/Filter\",\"label\":\"Equaliser/Filter\",\"deviceClass\":\"Software\",\"functionalRoles\":[{\"functionalRoleID\":1,\"name\":\"Equaliser/Filter\",\"label\":\"Equaliser/Filter\"}],\"manufacturers\":[{\"manufacturerID\":1,\"name\":\"Brian Davies\",\"models\":[{\"modelID\":1,\"name\":\"Equalizer v2.0\"}]},{\"manufacturerID\":2,\"name\":\"Not known\",\"models\":[{\"modelID\":1,\"name\":\"Unknown\"}]}],\"components\":[],\"parameters\":[{\"parameterID\":1,\"name\":\"equalisation\",\"label\":\"Preset\",\"valueAttributeName\":\"standard\",\"isDeviceTypePreset\":true,\"options\":[{\"id\":1,\"value\":\"CD, DAT, PCM de-emphasis\",\"units\":\"\"},{\"id\":2,\"value\":\"US MID 30\",\"units\":\"\"},{\"id\":3,\"value\":\"WESTREX\",\"units\":\"\"},{\"id\":4,\"value\":\"HMV\",\"units\":\"\"},{\"id\":5,\"value\":\"ffrr 1949\",\"units\":\"\"},{\"id\":6,\"value\":\"EARLY DECCA\",\"units\":\"\"},{\"id\":7,\"value\":\"DECCA 78\",\"units\":\"\"},{\"id\":8,\"value\":\"BSI\",\"units\":\"\"},{\"id\":9,\"value\":\"Columbia\",\"units\":\"\"},{\"id\":10,\"value\":\"BLUMLEIN\",\"units\":\"\"},{\"id\":11,\"value\":\"EMI LP\",\"units\":\"\"},{\"id\":12,\"value\":\"NAB\",\"units\":\"\"},{\"id\":13,\"value\":\"RIAA (CCIR)\",\"units\":\"\"},{\"id\":14,\"value\":\"ffrr LP 1953\",\"units\":\"\"},{\"id\":15,\"value\":\"ffrr LP\",\"units\":\"\"},{\"id\":16,\"value\":\"Columbia LP\",\"units\":\"\"},{\"id\":17,\"value\":\"Columbia LP\",\"units\":\"\"},{\"id\":0,\"value\":\"Undefined\",\"units\":\"\"}],\"conditionalParameters\":[{\"conditionalParameterID\":1,\"name\":\"equalisation\",\"label\":\"Equalisation\",\"trigger\":\"Undefined\",\"options\":[{\"id\":1,\"name\":\"slope-1\",\"label\":\"Turnover 1 Slope\",\"type\":\"decimal\",\"required\":true,\"xsdElementName\":\"slope\",\"wrapperElement\":\"turnover1\",\"units\":[{\"id\":1,\"value\":\"dB/octave\"},{\"id\":2,\"value\":\"dB/decade\"}]},{\"id\":2,\"name\":\"turnover-1\",\"label\":\"Turnover 1 EQ\",\"type\":\"decimal\",\"required\":true,\"xsdElementName\":\"turnover\",\"wrapperElement\":\"turnover1\",\"units\":[{\"id\":1,\"value\":\"Hz\"},{\"id\":2,\"value\":\"KHz\"},{\"id\":3,\"value\":\"μs\"}]},{\"id\":3,\"name\":\"slope-2\",\"label\":\"Turnover 2 Slope\",\"type\":\"decimal\",\"required\":false,\"xsdElementName\":\"slope\",\"wrapperElement\":\"turnover2\",\"units\":[{\"id\":1,\"value\":\"dB/octave\"},{\"id\":2,\"value\":\"dB/decade\"}]},{\"id\":4,\"name\":\"turnover-2\",\"label\":\"Turnover 2 EQ\",\"type\":\"decimal\",\"required\":false,\"xsdElementName\":\"turnover\",\"wrapperElement\":\"turnover2\",\"units\":[{\"id\":1,\"value\":\"Hz\"},{\"id\":2,\"value\":\"KHz\"},{\"id\":3,\"value\":\"μs\"}]},{\"id\":5,\"name\":\"slope-3\",\"label\":\"Turnover 3 Slope\",\"type\":\"decimal\",\"required\":false,\"xsdElementName\":\"slope\",\"wrapperElement\":\"turnover3\",\"units\":[{\"id\":1,\"value\":\"dB/octave\"},{\"id\":2,\"value\":\"dB/decade\"}]},{\"id\":6,\"name\":\"turnover-3\",\"label\":\"Turnover 3 EQ\",\"type\":\"decimal\",\"required\":false,\"xsdElementName\":\"turnover\",\"wrapperElement\":\"turnover3\",\"units\":[{\"id\":1,\"value\":\"Hz\"},{\"id\":2,\"value\":\"KHz\"},{\"id\":3,\"value\":\"μs\"}]}]}]}]},{\"typeID\":3,\"name\":\"Heater\",\"label\":\"Heater\",\"deviceClass\":\"Hardware\",\"functionalRoles\":[{\"functionalRoleID\":1,\"name\":\"Heater\",\"label\":\"Heater\"}],\"manufacturers\":[{\"manufacturerID\":1,\"name\":\"Gallenkamp\",\"models\":[{\"modelID\":1,\"name\":\"Hotbox Oven\"}]},{\"manufacturerID\":2,\"name\":\"Not known\",\"models\":[{\"modelID\":1,\"name\":\"Unknown\"}]}],\"components\":[],\"parameters\":[{\"parameterID\":1,\"name\":\"temperature\",\"label\":\"Temperature\",\"valueAttributeName\":\"\",\"isDeviceTypePreset\":false,\"options\":[{\"id\":1,\"value\":\"60\",\"units\":\"Celsius\"},{\"id\":0,\"value\":\"Other\",\"units\":\"\"}],\"conditionalParameters\":[{\"conditionalParameterID\":1,\"name\":\"temperature\",\"label\":\"Custom temperature\",\"trigger\":\"Other\",\"options\":[{\"id\":0,\"name\":\"temperature\",\"label\":\"Temperature value (integer) and units\",\"type\":\"int\",\"required\":true,\"xsdElementName\":\"\",\"wrapperElement\":\"\",\"units\":[{\"id\":1,\"value\":\"Celsius\"}]}]}]},{\"parameterID\":2,\"name\":\"time\",\"label\":\"Time\",\"valueAttributeName\":\"\",\"isDeviceTypePreset\":false,\"options\":[{\"id\":1,\"value\":\"8\",\"units\":\"Hours\"},{\"id\":0,\"value\":\"Other\",\"units\":\"\"}],\"conditionalParameters\":[{\"conditionalParameterID\":1,\"name\":\"time\",\"label\":\"Custom time\",\"trigger\":\"Other\",\"options\":[{\"id\":0,\"name\":\"time\",\"label\":\"Time value (integer) and units\",\"type\":\"int\",\"required\":true,\"xsdElementName\":\"\",\"wrapperElement\":\"\",\"units\":[{\"id\":1,\"value\":\"Hours\"}]}]}]}]},{\"typeID\":15,\"name\":\"Minidisc recorder\",\"label\":\"Minidisc recorder\",\"deviceClass\":\"Hardware\",\"functionalRoles\":[{\"functionalRoleID\":1,\"name\":\"Reproducer\",\"label\":\"Reproducer\"}],\"manufacturers\":[{\"manufacturerID\":1,\"name\":\"Sony\",\"models\":[{\"modelID\":1,\"name\":\"MZ-RH1\"},{\"modelID\":2,\"name\":\"MDS-JE480\"},{\"modelID\":3,\"name\":\"MDS-JB980\"},{\"modelID\":0,\"name\":\"Unknown\"}]},{\"manufacturerID\":2,\"name\":\"Tascam\",\"models\":[{\"modelID\":1,\"name\":\"MD-301MkII\"},{\"modelID\":2,\"name\":\"MD-350\"},{\"modelID\":0,\"name\":\"Unknown\"}]},{\"manufacturerID\":3,\"name\":\"Not known\",\"models\":[{\"modelID\":1,\"name\":\"Unknown\"}]}],\"components\":[],\"parameters\":[]},{\"typeID\":19,\"name\":\"Mixer\",\"label\":\"Mixer\",\"deviceClass\":\"Hardware\",\"functionalRoles\":[{\"functionalRoleID\":1,\"name\":\"Amplifier\",\"label\":\"Amplifier\"}],\"manufacturers\":[{\"manufacturerID\":1,\"name\":\"Alice Soundtech\",\"models\":[{\"modelID\":1,\"name\":\"Series A\"},{\"modelID\":0,\"name\":\"Unknown\"}]},{\"manufacturerID\":2,\"name\":\"Not known\",\"models\":[{\"modelID\":1,\"name\":\"Unknown\"}]}],\"components\":[],\"parameters\":[]},{\"typeID\":21,\"name\":\"Noise reduction processor\",\"label\":\"Noise reduction processor\",\"deviceClass\":\"Hardware\",\"functionalRoles\":[{\"functionalRoleID\":1,\"name\":\"Noise reduction decoder\",\"label\":\"Noise reduction decoder\"},{\"functionalRoleID\":2,\"name\":\"Noise reduction encoder\",\"label\":\"Noise reduction encoder\"}],\"manufacturers\":[{\"manufacturerID\":1,\"name\":\"dbx\",\"models\":[{\"modelID\":1,\"name\":\"117\"},{\"modelID\":2,\"name\":\"140X\"},{\"modelID\":3,\"name\":\"150\"},{\"modelID\":4,\"name\":\"150X\"},{\"modelID\":5,\"name\":\"222\"},{\"modelID\":6,\"name\":\"224\"},{\"modelID\":7,\"name\":\"224X\"},{\"modelID\":8,\"name\":\"363\"},{\"modelID\":9,\"name\":\"3BX\"},{\"modelID\":10,\"name\":\"503\"},{\"modelID\":0,\"name\":\"Unknown\"}]},{\"manufacturerID\":2,\"name\":\"Dolby\",\"models\":[{\"modelID\":1,\"name\":\"361\"},{\"modelID\":2,\"name\":\"363\"},{\"modelID\":0,\"name\":\"Unknown\"}]},{\"manufacturerID\":3,\"name\":\"Not known\",\"models\":[{\"modelID\":1,\"name\":\"Unknown\"}]}],\"components\":[],\"parameters\":[{\"parameterID\":1,\"name\":\"noiseReduction\",\"label\":\"Noise reduction standard\",\"valueAttributeName\":\"standard\",\"isDeviceTypePreset\":false,\"options\":[{\"id\":1,\"value\":\"Dolby A\",\"units\":\"\"},{\"id\":2,\"value\":\"Dolby B\",\"units\":\"\"},{\"id\":3,\"value\":\"Dolby C\",\"units\":\"\"},{\"id\":4,\"value\":\"Dolby S\",\"units\":\"\"},{\"id\":5,\"value\":\"Dolby SR\",\"units\":\"\"},{\"id\":6,\"value\":\"dbx Type I\",\"units\":\"\"},{\"id\":7,\"value\":\"dbx Type II\",\"units\":\"\"},{\"id\":8,\"value\":\"Dynamic\",\"units\":\"\"},{\"id\":9,\"value\":\"None\",\"units\":\"\"},{\"id\":0,\"value\":\"Not known\",\"units\":\"\"}],\"conditionalParameters\":[]}]},{\"typeID\":23,\"name\":\"Operating system\",\"label\":\"Operating system\",\"deviceClass\":\"Software\",\"functionalRoles\":[{\"functionalRoleID\":1,\"name\":\"Operating system\",\"label\":\"Operating system\"}],\"manufacturers\":[{\"manufacturerID\":1,\"name\":\"Microsoft\",\"models\":[{\"modelID\":1,\"name\":\"Windows XP SP3 32-bit\"},{\"modelID\":2,\"name\":\"Windows 7 Professional SP1 64-bit\"},{\"modelID\":3,\"name\":\"Windows 7 Enterprise SP1 64-bit\"},{\"modelID\":4,\"name\":\"Windows 10 Home\"},{\"modelID\":5,\"name\":\"Windows 10 Pro\"},{\"modelID\":6,\"name\":\"Windows 10 Education\"},{\"modelID\":7,\"name\":\"Windows 10 Enterprise\"},{\"modelID\":0,\"name\":\"Unknown\"}]},{\"manufacturerID\":2,\"name\":\"Apple\",\"models\":[{\"modelID\":1,\"name\":\"Mac OS X 10.0\"},{\"modelID\":2,\"name\":\"Mac OS X 10.1\"},{\"modelID\":3,\"name\":\"Mac OS X 10.2\"},{\"modelID\":4,\"name\":\"Mac OS X 10.3\"},{\"modelID\":5,\"name\":\"Mac OS X 10.4\"},{\"modelID\":6,\"name\":\"Mac OS X 10.5 32-bit\"},{\"modelID\":7,\"name\":\"Mac OS X 10.5 64-bit\"},{\"modelID\":8,\"name\":\"Mac OS X 10.6 32-bit\"},{\"modelID\":9,\"name\":\"Mac OS X 10.6 64-bit\"},{\"modelID\":10,\"name\":\"Mac OS X 10.7\"},{\"modelID\":11,\"name\":\"OS X 10.8\"},{\"modelID\":12,\"name\":\"OS X 10.9\"},{\"modelID\":13,\"name\":\"OS X 10.10\"},{\"modelID\":14,\"name\":\"OS X 10.11\"},{\"modelID\":15,\"name\":\"macOS 10.12\"},{\"modelID\":0,\"name\":\"Unknown\"}]},{\"manufacturerID\":3,\"name\":\"Not known\",\"models\":[{\"modelID\":1,\"name\":\"Unknown\"}]}],\"components\":[],\"parameters\":[]},{\"typeID\":9,\"name\":\"Optical disc drive\",\"label\":\"Optical disc drive\",\"deviceClass\":\"Hardware\",\"functionalRoles\":[{\"functionalRoleID\":1,\"name\":\"Reproducer\",\"label\":\"Reproducer\"},{\"functionalRoleID\":2,\"name\":\"Recorder\",\"label\":\"Recorder\"}],\"manufacturers\":[{\"manufacturerID\":1,\"name\":\"Plextor\",\"models\":[{\"modelID\":1,\"name\":\"Plexwriter Premium II\"},{\"modelID\":2,\"name\":\"PX-708UF\"},{\"modelID\":3,\"name\":\"PX-712UF\"},{\"modelID\":4,\"name\":\"PX-716UF\"},{\"modelID\":5,\"name\":\"PX-760A\"},{\"modelID\":0,\"name\":\"Unknown\"}]},{\"manufacturerID\":2,\"name\":\"Lite-On\",\"models\":[{\"modelID\":1,\"name\":\"DH-16AFSH\"},{\"modelID\":0,\"name\":\"Unknown\"}]},{\"manufacturerID\":3,\"name\":\"Not known\",\"models\":[{\"modelID\":1,\"name\":\"Unknown\"}]}],\"components\":[],\"parameters\":[]},{\"typeID\":4,\"name\":\"Optical disc polisher\",\"label\":\"Optical disc polisher\",\"deviceClass\":\"Hardware\",\"functionalRoles\":[{\"functionalRoleID\":1,\"name\":\"Polisher\",\"label\":\"Polisher\"}],\"manufacturers\":[{\"manufacturerID\":1,\"name\":\"Total Disc Repair\",\"models\":[{\"modelID\":1,\"name\":\"Eco Clever\"}]},{\"manufacturerID\":2,\"name\":\"Not known\",\"models\":[{\"modelID\":1,\"name\":\"Unknown\"}]}],\"components\":[],\"parameters\":[]},{\"typeID\":8,\"name\":\"Preamplifier\",\"label\":\"Preamplifier\",\"deviceClass\":\"Hardware\",\"functionalRoles\":[{\"functionalRoleID\":1,\"name\":\"Amplifier\",\"label\":\"Amplifier\"}],\"manufacturers\":[{\"manufacturerID\":1,\"name\":\"Ted Kendall\",\"models\":[{\"modelID\":1,\"name\":\"The Front End\"},{\"modelID\":2,\"name\":\"Mouse Trap\"},{\"modelID\":0,\"name\":\"Unknown\"}]},{\"manufacturerID\":2,\"name\":\"Vadlyd\",\"models\":[{\"modelID\":1,\"name\":\"Elberg MD12 MK2\"},{\"modelID\":0,\"name\":\"Unknown\"}]},{\"manufacturerID\":3,\"name\":\"Not known\",\"models\":[{\"modelID\":1,\"name\":\"Unknown\"}]}],\"components\":[],\"parameters\":[{\"parameterID\":1,\"name\":\"equalisation\",\"label\":\"Equalisation\",\"valueAttributeName\":\"standard\",\"isDeviceTypePreset\":false,\"options\":[{\"id\":1,\"value\":\"RIAA\",\"units\":\"\"},{\"id\":2,\"value\":\"Not known\",\"units\":\"\"},{\"id\":0,\"value\":\"Undefined\",\"units\":\"\"}],\"conditionalParameters\":[{\"conditionalParameterID\":1,\"name\":\"equalisation\",\"label\":\"Equalisation\",\"trigger\":\"Undefined\",\"options\":[{\"id\":1,\"name\":\"slope-1\",\"label\":\"Turnover 1 Slope\",\"type\":\"decimal\",\"required\":true,\"xsdElementName\":\"slope\",\"wrapperElement\":\"turnover1\",\"units\":[{\"id\":1,\"value\":\"dB/octave\"},{\"id\":2,\"value\":\"dB/decade\"}]},{\"id\":2,\"name\":\"turnover-1\",\"label\":\"Turnover 1 EQ\",\"type\":\"decimal\",\"required\":true,\"xsdElementName\":\"turnover\",\"wrapperElement\":\"turnover1\",\"units\":[{\"id\":1,\"value\":\"Hz\"},{\"id\":2,\"value\":\"KHz\"},{\"id\":3,\"value\":\"μs\"}]},{\"id\":3,\"name\":\"slope-2\",\"label\":\"Turnover 2 Slope\",\"type\":\"decimal\",\"required\":false,\"xsdElementName\":\"slope\",\"wrapperElement\":\"turnover2\",\"units\":[{\"id\":1,\"value\":\"dB/octave\"},{\"id\":2,\"value\":\"dB/decade\"}]},{\"id\":4,\"name\":\"turnover-2\",\"label\":\"Turnover 2 EQ\",\"type\":\"decimal\",\"required\":false,\"xsdElementName\":\"turnover\",\"wrapperElement\":\"turnover2\",\"units\":[{\"id\":1,\"value\":\"Hz\"},{\"id\":2,\"value\":\"KHz\"},{\"id\":3,\"value\":\"μs\"}]},{\"id\":5,\"name\":\"slope-3\",\"label\":\"Turnover 3 Slope\",\"type\":\"decimal\",\"required\":false,\"xsdElementName\":\"slope\",\"wrapperElement\":\"turnover3\",\"units\":[{\"id\":1,\"value\":\"dB/octave\"},{\"id\":2,\"value\":\"dB/decade\"}]},{\"id\":6,\"name\":\"turnover-3\",\"label\":\"Turnover 3 EQ\",\"type\":\"decimal\",\"required\":false,\"xsdElementName\":\"turnover\",\"wrapperElement\":\"turnover3\",\"units\":[{\"id\":1,\"value\":\"Hz\"},{\"id\":2,\"value\":\"KHz\"},{\"id\":3,\"value\":\"μs\"}]}]}]},{\"parameterID\":2,\"name\":\"grooveMode\",\"label\":\"Groove Mode\",\"valueAttributeName\":\"type\",\"isDeviceTypePreset\":false,\"options\":[{\"id\":1,\"value\":\"Lateral\",\"units\":\"\"},{\"id\":2,\"value\":\"Vertical\",\"units\":\"\"}],\"conditionalParameters\":[]}]},{\"typeID\":5,\"name\":\"Tape recorder\",\"label\":\"Tape recorder\",\"deviceClass\":\"Hardware\",\"functionalRoles\":[{\"functionalRoleID\":1,\"name\":\"Reproducer\",\"label\":\"Reproducer\"}],\"manufacturers\":[{\"manufacturerID\":1,\"name\":\"Studer\",\"models\":[{\"modelID\":1,\"name\":\"A807\"},{\"modelID\":2,\"name\":\"A80\"},{\"modelID\":3,\"name\":\"A80-RC\"},{\"modelID\":4,\"name\":\"A810\"},{\"modelID\":5,\"name\":\"B67\"},{\"modelID\":0,\"name\":\"Unknown\"}]},{\"manufacturerID\":2,\"name\":\"Teac\",\"models\":[{\"modelID\":1,\"name\":\"32-2B\"},{\"modelID\":2,\"name\":\"A-3300\"},{\"modelID\":3,\"name\":\"A-3340\"},{\"modelID\":0,\"name\":\"Unknown\"}]},{\"manufacturerID\":3,\"name\":\"Revox\",\"models\":[{\"modelID\":1,\"name\":\"C274\"},{\"modelID\":2,\"name\":\"B77\"},{\"modelID\":3,\"name\":\"B77LS\"},{\"modelID\":4,\"name\":\"B77SLS\"},{\"modelID\":0,\"name\":\"Unknown\"}]},{\"manufacturerID\":4,\"name\":\"Otari\",\"models\":[{\"modelID\":1,\"name\":\"MTR 90 II\"},{\"modelID\":2,\"name\":\"MTR 12\"},{\"modelID\":0,\"name\":\"Unknown\"}]},{\"manufacturerID\":5,\"name\":\"Akai\",\"models\":[{\"modelID\":1,\"name\":\"1722L\"},{\"modelID\":0,\"name\":\"Unknown\"}]},{\"manufacturerID\":6,\"name\":\"Uher\",\"models\":[{\"modelID\":1,\"name\":\"Report 4000\"},{\"modelID\":0,\"name\":\"Unknown\"}]},{\"manufacturerID\":7,\"name\":\"Not known\",\"models\":[{\"modelID\":1,\"name\":\"Unknown\"}]}],\"components\":[{\"componentID\":1,\"name\":\"head\",\"label\":\"Head\",\"componentClass\":\"Hardware\",\"manufacturers\":[{\"componentManufacturerID\":1,\"name\":\"Not known\",\"models\":[{\"modelID\":1,\"name\":\"IEC 94-6 1985 2 track\"},{\"modelID\":2,\"name\":\"IEC 94-6 1985 Stereo\"},{\"modelID\":3,\"name\":\"4 track\"},{\"modelID\":4,\"name\":\"8 track\"},{\"modelID\":5,\"name\":\"24 track\"},{\"modelID\":0,\"name\":\"Unknown\"}]}],\"componentSettings\":[],\"parameters\":[]}],\"parameters\":[{\"parameterID\":1,\"name\":\"replaySpeed\",\"label\":\"Speed\",\"valueAttributeName\":\"\",\"isDeviceTypePreset\":false,\"options\":[{\"id\":1,\"value\":\"2.4\",\"units\":\"cm/sec\"},{\"id\":2,\"value\":\"4.7\",\"units\":\"cm/sec\"},{\"id\":3,\"value\":\"9.5\",\"units\":\"cm/sec\"},{\"id\":4,\"value\":\"19\",\"units\":\"cm/sec\"},{\"id\":5,\"value\":\"38\",\"units\":\"cm/sec\"},{\"id\":6,\"value\":\"76\",\"units\":\"cm/sec\"},{\"id\":0,\"value\":\"Not known\",\"units\":\"\"}],\"conditionalParameters\":[]},{\"parameterID\":2,\"name\":\"equalisation\",\"label\":\"Equalisation standard\",\"valueAttributeName\":\"standard\",\"isDeviceTypePreset\":false,\"options\":[{\"id\":1,\"value\":\"AES\",\"units\":\"\"},{\"id\":2,\"value\":\"CCIR\",\"units\":\"\"},{\"id\":3,\"value\":\"IEC1\",\"units\":\"\"},{\"id\":4,\"value\":\"IEC2\",\"units\":\"\"},{\"id\":5,\"value\":\"DIN\",\"units\":\"\"},{\"id\":6,\"value\":\"BS\",\"units\":\"\"},{\"id\":7,\"value\":\"NAB\",\"units\":\"\"},{\"id\":8,\"value\":\"EIA\",\"units\":\"\"},{\"id\":0,\"value\":\"Not known\",\"units\":\"\"}],\"conditionalParameters\":[]},{\"parameterID\":3,\"name\":\"azimuthAdjustment\",\"label\":\"Azimuth adjustment\",\"valueAttributeName\":\"type\",\"isDeviceTypePreset\":false,\"options\":[{\"id\":1,\"value\":\"Manual\",\"units\":\"\"}],\"conditionalParameters\":[]}]},{\"typeID\":7,\"name\":\"Turntable\",\"label\":\"Turntable\",\"deviceClass\":\"Hardware\",\"functionalRoles\":[{\"functionalRoleID\":1,\"name\":\"Reproducer\",\"label\":\"Reproducer\"}],\"manufacturers\":[{\"manufacturerID\":1,\"name\":\"Technics\",\"models\":[{\"modelID\":1,\"name\":\"SL-1200MK2\"},{\"modelID\":2,\"name\":\"SL-1200MK5\"},{\"modelID\":0,\"name\":\"Unknown\"}]},{\"manufacturerID\":2,\"name\":\"Garrard\",\"models\":[{\"modelID\":1,\"name\":\"401\"},{\"modelID\":0,\"name\":\"Unknown\"}]},{\"manufacturerID\":3,\"name\":\"Numark\",\"models\":[{\"modelID\":1,\"name\":\"Pro TT-2\"},{\"modelID\":2,\"name\":\"TT-100\"},{\"modelID\":3,\"name\":\"TT-200\"},{\"modelID\":4,\"name\":\"TT-X1\"},{\"modelID\":0,\"name\":\"Unknown\"}]},{\"manufacturerID\":4,\"name\":\"Not known\",\"models\":[{\"modelID\":1,\"name\":\"Unknown\"}]}],\"components\":[{\"componentID\":1,\"name\":\"Stylus\",\"label\":\"Stylus\",\"componentClass\":\"Hardware\",\"manufacturers\":[{\"componentManufacturerID\":1,\"name\":\"Shure\",\"models\":[{\"modelID\":0,\"name\":\"Unknown\"},{\"modelID\":1,\"name\":\"N44-7\"},{\"modelID\":2,\"name\":\"M97xE\"}]},{\"componentManufacturerID\":2,\"name\":\"Expert Stylus\",\"models\":[{\"modelID\":1,\"name\":\"0.6ET\"},{\"modelID\":2,\"name\":\"0.7CT\"},{\"modelID\":3,\"name\":\"0.7ET\"},{\"modelID\":4,\"name\":\"0.7FFR\"},{\"modelID\":5,\"name\":\"1.0CT\"},{\"modelID\":6,\"name\":\"1.0ET\"},{\"modelID\":7,\"name\":\"1.1CT\"},{\"modelID\":8,\"name\":\"1.1ET\"},{\"modelID\":9,\"name\":\"2.0ET\"},{\"modelID\":10,\"name\":\"2.3CT\"},{\"modelID\":11,\"name\":\"2.3ET\"},{\"modelID\":12,\"name\":\"2.5ET\"},{\"modelID\":13,\"name\":\"2.8CT\"},{\"modelID\":14,\"name\":\"2.8ET\"},{\"modelID\":15,\"name\":\"3.0ET\"},{\"modelID\":16,\"name\":\"3.2ET\"},{\"modelID\":17,\"name\":\"3.5ET\"},{\"modelID\":18,\"name\":\"3.5CT\"},{\"modelID\":19,\"name\":\"4.0CT\"},{\"modelID\":20,\"name\":\"4.0ET\"},{\"modelID\":0,\"name\":\"Unknown\"}]},{\"componentManufacturerID\":3,\"name\":\"Ortofon\",\"models\":[{\"modelID\":1,\"name\":\"2M Black\"},{\"modelID\":0,\"name\":\"Unknown\"}]},{\"componentManufacturerID\":4,\"name\":\"Not known\",\"models\":[{\"modelID\":1,\"name\":\"Unknown\"}]},{\"componentManufacturerID\":5,\"name\":\"Denon\",\"models\":[{\"modelID\":1,\"name\":\"DL-103\"}]}],\"componentSettings\":[],\"parameters\":[]},{\"componentID\":2,\"name\":\"Tone arm\",\"label\":\"Tone arm\",\"componentClass\":\"Hardware\",\"manufacturers\":[{\"componentManufacturerID\":1,\"name\":\"SME\",\"models\":[{\"modelID\":1,\"name\":\"312\"},{\"modelID\":0,\"name\":\"Unknown\"}]},{\"componentManufacturerID\":2,\"name\":\"Technics\",\"models\":[{\"modelID\":1,\"name\":\"SL-1200\"}]},{\"componentManufacturerID\":3,\"name\":\"Numark\",\"models\":[{\"modelID\":1,\"name\":\"TT\"}]},{\"componentManufacturerID\":4,\"name\":\"Not known\",\"models\":[{\"modelID\":1,\"name\":\"Unknown\"}]}],\"componentSettings\":[{\"id\":1,\"name\":\"trackingForce\",\"label\":\"Weight\",\"type\":\"decimal\",\"required\":true,\"units\":[{\"id\":1,\"value\":\"Grams\"}]}],\"parameters\":[]},{\"componentID\":3,\"name\":\"PSU\",\"label\":\"PSU\",\"componentClass\":\"Hardware\",\"manufacturers\":[{\"componentManufacturerID\":1,\"name\":\"KAB\",\"models\":[{\"modelID\":1,\"name\":\"PS-1200\"},{\"modelID\":0,\"name\":\"Unknown\"}]},{\"componentManufacturerID\":2,\"name\":\"Not known\",\"models\":[{\"modelID\":1,\"name\":\"Unknown\"}]}],\"componentSettings\":[],\"parameters\":[]},{\"componentID\":4,\"name\":\"Cartridge\",\"label\":\"Cartridge\",\"componentClass\":\"Hardware\",\"manufacturers\":[{\"componentManufacturerID\":1,\"name\":\"Shure\",\"models\":[{\"modelID\":2,\"name\":\"M97xE\"},{\"modelID\":1,\"name\":\"M44-7\"},{\"modelID\":0,\"name\":\"Unknown\"}]},{\"componentManufacturerID\":2,\"name\":\"Ortofon\",\"models\":[{\"modelID\":1,\"name\":\"2M Black\"},{\"modelID\":0,\"name\":\"Unknown\"}]},{\"componentManufacturerID\":3,\"name\":\"Not known\",\"models\":[{\"modelID\":1,\"name\":\"Unknown\"}]},{\"componentManufacturerID\":4,\"name\":\"Denon\",\"models\":[{\"modelID\":1,\"name\":\"DL-103\"}]}],\"componentSettings\":[],\"parameters\":[]}],\"parameters\":[{\"parameterID\":1,\"name\":\"replaySpeed\",\"label\":\"Speed\",\"valueAttributeName\":\"\",\"isDeviceTypePreset\":false,\"options\":[{\"id\":1,\"value\":\"78\",\"units\":\"rpm\"},{\"id\":2,\"value\":\"45\",\"units\":\"rpm\"},{\"id\":3,\"value\":\"33\",\"units\":\"rpm\"},{\"id\":0,\"value\":\"Other\",\"units\":\"\"}],\"conditionalParameters\":[{\"conditionalParameterID\":1,\"name\":\"replaySpeed\",\"label\":\"Custom speed\",\"trigger\":\"Other\",\"options\":[{\"id\":0,\"name\":\"replaySpeed\",\"label\":\"Speed value (integer) and units\",\"type\":\"int\",\"required\":true,\"xsdElementName\":\"\",\"wrapperElement\":\"\",\"units\":[{\"id\":1,\"value\":\"rpm\"}]}]}]}]},{\"typeID\":26,\"name\":\"U-matic Tape recorder\",\"label\":\"U-matic Tape recorder\",\"deviceClass\":\"Hardware\",\"functionalRoles\":[{\"functionalRoleID\":1,\"name\":\"Reproducer\",\"label\":\"Reproducer\"}],\"manufacturers\":[{\"manufacturerID\":1,\"name\":\"Sony\",\"models\":[{\"modelID\":1,\"name\":\"DMR 4000\"},{\"modelID\":2,\"name\":\"DMR 2000\"},{\"modelID\":0,\"name\":\"Unknown\"}]},{\"manufacturerID\":2,\"name\":\"Not known\",\"models\":[{\"modelID\":1,\"name\":\"Unknown\"}]}],\"components\":[],\"parameters\":[]},{\"typeID\":1,\"name\":\"Ultrasonic bath\",\"label\":\"Ultrasonic bath\",\"deviceClass\":\"Hardware\",\"functionalRoles\":[{\"functionalRoleID\":1,\"name\":\"Cleaner\",\"label\":\"Cleaner\"}],\"manufacturers\":[{\"manufacturerID\":1,\"name\":\"Bandelin\",\"models\":[{\"modelID\":1,\"name\":\"Sonorex Super RK 156 BH\"},{\"modelID\":2,\"name\":\"Sonorex Super RK 514 S\"}]},{\"manufacturerID\":2,\"name\":\"Not known\",\"models\":[{\"modelID\":1,\"name\":\"Unknown\"}]}],\"components\":[],\"parameters\":[]},{\"typeID\":20,\"name\":\"Unbalanced/balanced converter\",\"label\":\"Unbalanced/balanced converter\",\"deviceClass\":\"Hardware\",\"functionalRoles\":[{\"functionalRoleID\":1,\"name\":\"Amplifier\",\"label\":\"Amplifier\"}],\"manufacturers\":[{\"manufacturerID\":1,\"name\":\"SCV Electronics\",\"models\":[{\"modelID\":1,\"name\":\"UBF8\"},{\"modelID\":0,\"name\":\"Unknown\"}]},{\"manufacturerID\":2,\"name\":\"Sonifex\",\"models\":[{\"modelID\":1,\"name\":\"RB-UL4\"},{\"modelID\":0,\"name\":\"Unknown\"}]},{\"manufacturerID\":3,\"name\":\"Alice Soundtech\",\"models\":[{\"modelID\":1,\"name\":\"Promatch 2\"},{\"modelID\":0,\"name\":\"Unknown\"}]},{\"manufacturerID\":4,\"name\":\"Not known\",\"models\":[{\"modelID\":1,\"name\":\"Unknown\"}]}],\"components\":[],\"parameters\":[]},{\"typeID\":11,\"name\":\"VHS recorder\",\"label\":\"VHS recorder\",\"deviceClass\":\"Hardware\",\"functionalRoles\":[{\"functionalRoleID\":1,\"name\":\"Reproducer\",\"label\":\"Reproducer\"}],\"manufacturers\":[{\"manufacturerID\":1,\"name\":\"Sony\",\"models\":[{\"modelID\":1,\"name\":\"SLV-SE220G\"},{\"modelID\":0,\"name\":\"Unknown\"}]},{\"manufacturerID\":2,\"name\":\"Panasonic\",\"models\":[{\"modelID\":1,\"name\":\"AG-2400\"},{\"modelID\":2,\"name\":\"AG-7650-B\"},{\"modelID\":3,\"name\":\"NV-F65B\"},{\"modelID\":4,\"name\":\"NV-F65HQ\"},{\"modelID\":5,\"name\":\"NV-G15\"},{\"modelID\":6,\"name\":\"NV-HS900B\"},{\"modelID\":7,\"name\":\"NV-HS830\"},{\"modelID\":0,\"name\":\"Unknown\"}]},{\"manufacturerID\":3,\"name\":\"JVC\",\"models\":[{\"modelID\":1,\"name\":\"HR-910EK\"},{\"modelID\":2,\"name\":\"HR-D830EK\"},{\"modelID\":3,\"name\":\"HR-D910EK\"},{\"modelID\":4,\"name\":\"HR-D980EK\"},{\"modelID\":5,\"name\":\"HR-J507MS\"},{\"modelID\":6,\"name\":\"HR-J610\"},{\"modelID\":7,\"name\":\"HR-J935EK\"},{\"modelID\":8,\"name\":\"HR-S7500EK\"},{\"modelID\":9,\"name\":\"HR-V605\"},{\"modelID\":0,\"name\":\"Unknown\"}]},{\"manufacturerID\":4,\"name\":\"LG\",\"models\":[{\"modelID\":1,\"name\":\"LV880\"},{\"modelID\":0,\"name\":\"Unknown\"}]},{\"manufacturerID\":5,\"name\":\"Not known\",\"models\":[{\"modelID\":1,\"name\":\"Unknown\"}]}],\"components\":[],\"parameters\":[]},{\"typeID\":18,\"name\":\"Wire recorder\",\"label\":\"Wire recorder\",\"deviceClass\":\"Hardware\",\"functionalRoles\":[{\"functionalRoleID\":1,\"name\":\"Reproducer\",\"label\":\"Reproducer\"}],\"manufacturers\":[{\"manufacturerID\":1,\"name\":\"Armour Research Foundation\",\"models\":[{\"modelID\":1,\"name\":\"Model 50\"},{\"modelID\":0,\"name\":\"Unknown\"}]},{\"manufacturerID\":2,\"name\":\"Not known\",\"models\":[{\"modelID\":1,\"name\":\"Unknown\"}]}],\"components\":[],\"parameters\":[{\"parameterID\":1,\"name\":\"replaySpeed\",\"label\":\"Speed\",\"valueAttributeName\":\"\",\"isDeviceTypePreset\":false,\"options\":[{\"id\":1,\"value\":\"61\",\"units\":\"cm/sec\"},{\"id\":0,\"value\":\"Other\",\"units\":\"\"}],\"conditionalParameters\":[{\"conditionalParameterID\":1,\"name\":\"replaySpeed\",\"label\":\"Custom speed\",\"trigger\":\"Other\",\"options\":[{\"id\":0,\"name\":\"replaySpeed\",\"label\":\"Speed value (integer) and units\",\"type\":\"int\",\"required\":true,\"xsdElementName\":\"\",\"wrapperElement\":\"\",\"units\":[{\"id\":1,\"value\":\"cm/sec\"}]}]}]},{\"parameterID\":2,\"name\":\"equalisation\",\"label\":\"Equalisation\",\"valueAttributeName\":\"standard\",\"isDeviceTypePreset\":false,\"options\":[{\"id\":1,\"value\":\"Not known\",\"units\":\"\"},{\"id\":0,\"value\":\"Undefined\",\"units\":\"\"}],\"conditionalParameters\":[{\"conditionalParameterID\":1,\"name\":\"equalisation\",\"label\":\"Equalisation\",\"trigger\":\"Undefined\",\"options\":[{\"id\":1,\"name\":\"slope-1\",\"label\":\"Turnover 1 Slope\",\"type\":\"decimal\",\"required\":true,\"xsdElementName\":\"slope\",\"wrapperElement\":\"turnover1\",\"units\":[{\"id\":1,\"value\":\"dB/octave\"},{\"id\":2,\"value\":\"dB/decade\"}]},{\"id\":2,\"name\":\"turnover-1\",\"label\":\"Turnover 1 EQ\",\"type\":\"decimal\",\"required\":true,\"xsdElementName\":\"turnover\",\"wrapperElement\":\"turnover1\",\"units\":[{\"id\":1,\"value\":\"Hz\"},{\"id\":2,\"value\":\"KHz\"},{\"id\":3,\"value\":\"μs\"}]},{\"id\":3,\"name\":\"slope-2\",\"label\":\"Turnover 2 Slope\",\"type\":\"decimal\",\"required\":false,\"xsdElementName\":\"slope\",\"wrapperElement\":\"turnover2\",\"units\":[{\"id\":1,\"value\":\"dB/octave\"},{\"id\":2,\"value\":\"dB/decade\"}]},{\"id\":4,\"name\":\"turnover-2\",\"label\":\"Turnover 2 EQ\",\"type\":\"decimal\",\"required\":false,\"xsdElementName\":\"turnover\",\"wrapperElement\":\"turnover2\",\"units\":[{\"id\":1,\"value\":\"Hz\"},{\"id\":2,\"value\":\"KHz\"},{\"id\":3,\"value\":\"μs\"}]},{\"id\":5,\"name\":\"slope-3\",\"label\":\"Turnover 3 Slope\",\"type\":\"decimal\",\"required\":false,\"xsdElementName\":\"slope\",\"wrapperElement\":\"turnover3\",\"units\":[{\"id\":1,\"value\":\"dB/octave\"},{\"id\":2,\"value\":\"dB/decade\"}]},{\"id\":6,\"name\":\"turnover-3\",\"label\":\"Turnover 3 EQ\",\"type\":\"decimal\",\"required\":false,\"xsdElementName\":\"turnover\",\"wrapperElement\":\"turnover3\",\"units\":[{\"id\":1,\"value\":\"Hz\"},{\"id\":2,\"value\":\"KHz\"},{\"id\":3,\"value\":\"μs\"}]}]}]}]}],\"interfaceTypes\":[{\"interfaceTypeID\":1,\"name\":\"XLR\",\"label\":\"XLR\"},{\"interfaceTypeID\":2,\"name\":\"TRS\",\"label\":\"TRS\"},{\"interfaceTypeID\":3,\"name\":\"Phono\",\"label\":\"Phono\"},{\"interfaceTypeID\":4,\"name\":\"TS\",\"label\":\"TS\"},{\"interfaceTypeID\":5,\"name\":\"ATA\",\"label\":\"ATA\"},{\"interfaceTypeID\":6,\"name\":\"AES3\",\"label\":\"AES3\"},{\"interfaceTypeID\":7,\"name\":\"SDIF\",\"label\":\"SDIF\"},{\"interfaceTypeID\":8,\"name\":\"S/PDIF coaxial\",\"label\":\"S/PDIF coaxial\"},{\"interfaceTypeID\":9,\"name\":\"S/PDIF optical\",\"label\":\"S/PDIF optical\"},{\"interfaceTypeID\":10,\"name\":\"EIA RS-232\",\"label\":\"EIA RS-232\"},{\"interfaceTypeID\":11,\"name\":\"EIA RS-422\",\"label\":\"EIA RS-422\"},{\"interfaceTypeID\":12,\"name\":\"IEEE 1394\",\"label\":\"IEEE 1394\"},{\"interfaceTypeID\":13,\"name\":\"IEEE 1394b\",\"label\":\"IEEE 1394b\"},{\"interfaceTypeID\":14,\"name\":\"Lightpipe\",\"label\":\"Lightpipe\"},{\"interfaceTypeID\":15,\"name\":\"MIDI\",\"label\":\"MIDI\"},{\"interfaceTypeID\":16,\"name\":\"RJ45\",\"label\":\"RJ45\"},{\"interfaceTypeID\":17,\"name\":\"SCSI\",\"label\":\"SCSI\"},{\"interfaceTypeID\":18,\"name\":\"SONY 9-pin\",\"label\":\"SONY 9-pin\"},{\"interfaceTypeID\":19,\"name\":\"USB 1.1\",\"label\":\"USB 1.1\"},{\"interfaceTypeID\":20,\"name\":\"USB 2.0\",\"label\":\"USB 2.0\"},{\"interfaceTypeID\":21,\"name\":\"USB 3.0\",\"label\":\"USB 3.0\"},{\"interfaceTypeID\":22,\"name\":\"Word clock\",\"label\":\"Word clock\"},{\"interfaceTypeID\":23,\"name\":\"BNC\",\"label\":\"BNC\"},{\"interfaceTypeID\":24,\"name\":\"SCART\",\"label\":\"SCART\"},{\"interfaceTypeID\":25,\"name\":\"DigiLink\",\"label\":\"DigiLink\"},{\"interfaceTypeID\":0,\"name\":\"Not known\",\"label\":\"Unknown\"}]},\"validationDateTime\":\"07/11/2019 16:56:46\",\"mainXsds\":{\"http://bl.uk/namespaces/blaph\":\"D:\\\\BLAVSIPGenToolWorking\\\\BLAPH\\\\blaph v2.1.xsd\"},\"knownXsds\":{\"http://www.aes.org/standards/schemas/aes60-2010.xsd\":\"D:\\\\BLAVSIPGenToolWorking\\\\BLAPH\\\\aes60-2010.xsd\",\"http://www.loc.gov/standards/xlink/xlink.xsd\":\"D:\\\\BLAVSIPGenToolWorking\\\\BLAPH\\\\xlink.xsd\",\"xlink.xsd\":\"D:\\\\BLAVSIPGenToolWorking\\\\BLAPH\\\\xlink.xsd\",\"xml.xsd\":\"D:\\\\BLAVSIPGenToolWorking\\\\BLAPH\\\\xml.xsd\",\"simpledc20021212.xsd\":\"D:\\\\BLAVSIPGenToolWorking\\\\BLAPH\\\\simpledc20021212.xsd\"}}","StepStates":[{"StepStateId":390369,"SIPId":48810,"StepId":1,"StepTitle":"SAMI Search","CreatedBy":"449e230e-1e48-4fba-a4f6-5b6d9966f3bd","ModifiedBy":null,"CreatedByUserName":"kevin.lemonnier@bl.uk","ModifiedByUserName":"Unknown","Status":1,"Complete":true,"Message":"Initial creation","Created":"2019-11-07T16:48:10.337","Modified":null},{"StepStateId":390370,"SIPId":48810,"StepId":2,"StepTitle":"Select Files","CreatedBy":"449e230e-1e48-4fba-a4f6-5b6d9966f3bd","ModifiedBy":"449e230e-1e48-4fba-a4f6-5b6d9966f3bd","CreatedByUserName":"kevin.lemonnier@bl.uk","ModifiedByUserName":"kevin.lemonnier@bl.uk","Status":1,"Complete":true,"Message":"Files updated ok, SIP has 1 or more files","Created":"2019-11-07T16:48:10.337","Modified":"2019-11-07T16:48:24.163"},{"StepStateId":390371,"SIPId":48810,"StepId":3,"StepTitle":"Source File Analysis","CreatedBy":"449e230e-1e48-4fba-a4f6-5b6d9966f3bd","ModifiedBy":"449e230e-1e48-4fba-a4f6-5b6d9966f3bd","CreatedByUserName":"kevin.lemonnier@bl.uk","ModifiedByUserName":"kevin.lemonnier@bl.uk","Status":1,"Complete":true,"Message":"Initial creation","Created":"2019-11-07T16:48:10.337","Modified":"2019-11-07T16:56:34.83"},{"StepStateId":390372,"SIPId":48810,"StepId":20,"StepTitle":"Physical Structure","CreatedBy":"449e230e-1e48-4fba-a4f6-5b6d9966f3bd","ModifiedBy":"449e230e-1e48-4fba-a4f6-5b6d9966f3bd","CreatedByUserName":"kevin.lemonnier@bl.uk","ModifiedByUserName":"kevin.lemonnier@bl.uk","Status":1,"Complete":true,"Message":"SIP structure saved","Created":"2019-11-07T16:48:10.337","Modified":"2019-11-07T16:56:39.473"},{"StepStateId":390373,"SIPId":48810,"StepId":4,"StepTitle":"Process Metadata","CreatedBy":"449e230e-1e48-4fba-a4f6-5b6d9966f3bd","ModifiedBy":"449e230e-1e48-4fba-a4f6-5b6d9966f3bd","CreatedByUserName":"kevin.lemonnier@bl.uk","ModifiedByUserName":"kevin.lemonnier@bl.uk","Status":1,"Complete":true,"Message":"SIP process metadata saved","Created":"2019-11-07T16:48:10.337","Modified":"2019-11-07T16:56:49.267"},{"StepStateId":390374,"SIPId":48810,"StepId":15,"StepTitle":"SAMI Recordings Search","CreatedBy":"449e230e-1e48-4fba-a4f6-5b6d9966f3bd","ModifiedBy":null,"CreatedByUserName":"kevin.lemonnier@bl.uk","ModifiedByUserName":"Unknown","Status":-1,"Complete":false,"Message":"Initial creation","Created":"2019-11-07T16:48:10.337","Modified":null},{"StepStateId":390375,"SIPId":48810,"StepId":5,"StepTitle":"Logical Structure","CreatedBy":"449e230e-1e48-4fba-a4f6-5b6d9966f3bd","ModifiedBy":null,"CreatedByUserName":"kevin.lemonnier@bl.uk","ModifiedByUserName":"Unknown","Status":-1,"Complete":false,"Message":"Initial creation","Created":"2019-11-07T16:48:10.337","Modified":null},{"StepStateId":390376,"SIPId":48810,"StepId":6,"StepTitle":"Review","CreatedBy":"449e230e-1e48-4fba-a4f6-5b6d9966f3bd","ModifiedBy":null,"CreatedByUserName":"kevin.lemonnier@bl.uk","ModifiedByUserName":"Unknown","Status":1,"Complete":false,"Message":"Initial creation","Created":"2019-11-07T16:48:10.337","Modified":null}],"Submissions":[],"Id":48810,"UserId":"449e230e-1e48-4fba-a4f6-5b6d9966f3bd","UserName":"kevin.lemonnier@bl.uk","Created":null,"Title":"WA 2008/021/061, Tape 161 Orkney","SIPMediaType":null,"PackagePath":null,"PackageId":null,"CanSubmitForIngest":false,"IngestBlockedReasons":["SIP does not have a Blur Term or RAQ ID, please update via the Logical Structure page"],"LastIngestDate":null,"LastIngestDateSuccessful":null,"LastIngestSuccessful":-1,"LastIngestTimeTakenMins":-1,"LastIngestTimeTaken":"n/a","LastIngestId":-1,"SubmissionInProgress":false,"HasTransformations":true,"HasTransformationsInProgress":false,"HasDummyTransformations":false,"HasFailedTransformations":false,"HasCompletedAllTransformationsSuccessfully":true,"TransformationsInProgressCount":0,"TransformationsInProgress":[],"AnalysisInProgressCount":0,"HasAnalysisInProgress":false,"LockedToStepId":-1,"Locked":false,"Archived":false,"Status":"Idle","IsBornDigital":false,"IsProcessing":false,"ProcessingTimeTakenMins":-1.0,"ProcessingTimeTaken":"n/a","ProcessingErrors":null,"ProcessingStatus":"Awaiting","IsInitialSubmitting":false,"InitialSubmissionTimeTakenMins":-1.0,"InitialSubmissionTimeTaken":"n/a","InitialSubmissionErrors":null,"InitialSubmissionStatus":"Awaiting","NavigationState":{"SIPId":48810,"UserId":"a84ce5f2-c59c-4e53-a812-f9cb72c9bd39","NavigationIndex":5,"NavigationSteps":[{"StepId":1,"Order":1,"Title":"SAMI Search","Path":"Steps/Search/48810/390369","Navigable":false,"CanNavigate":true,"PreviousStepPath":"Home/Index","NextStepPath":"Steps/Select/48810/390370","CanNavPrevious":false,"CanNavNext":true,"Status":1,"Complete":true},{"StepId":2,"Order":2,"Title":"Select Files","Path":"Steps/Select/48810/390370","Navigable":true,"CanNavigate":true,"PreviousStepPath":"Steps/Search/48810/390369","NextStepPath":"Steps/Analyze/48810/390371","CanNavPrevious":true,"CanNavNext":true,"Status":1,"Complete":true},{"StepId":3,"Order":3,"Title":"Source File Analysis","Path":"Steps/Analyze/48810/390371","Navigable":true,"CanNavigate":true,"PreviousStepPath":"Steps/Select/48810/390370","NextStepPath":"Steps/Physical/48810/390372","CanNavPrevious":true,"CanNavNext":true,"Status":1,"Complete":true},{"StepId":20,"Order":4,"Title":"Physical Structure","Path":"Steps/Physical/48810/390372","Navigable":true,"CanNavigate":true,"PreviousStepPath":"Steps/Analyze/48810/390371","NextStepPath":"Steps/Process/48810/390373","CanNavPrevious":true,"CanNavNext":true,"Status":1,"Complete":true},{"StepId":4,"Order":5,"Title":"Process Metadata","Path":"Steps/Process/48810/390373","Navigable":true,"CanNavigate":true,"PreviousStepPath":"Steps/Physical/48810/390372","NextStepPath":"Steps/Recordings/48810/390374","CanNavPrevious":true,"CanNavNext":true,"Status":1,"Complete":true},{"StepId":15,"Order":6,"Title":"SAMI Recordings Search","Path":"Steps/Recordings/48810/390374","Navigable":true,"CanNavigate":true,"PreviousStepPath":"Steps/Process/48810/390373","NextStepPath":"Steps/Logical/48810/390375","CanNavPrevious":true,"CanNavNext":false,"Status":-1,"Complete":false},{"StepId":5,"Order":7,"Title":"Logical Structure","Path":"Steps/Logical/48810/390375","Navigable":true,"CanNavigate":false,"PreviousStepPath":"Steps/Recordings/48810/390374","NextStepPath":"Steps/Review/48810/390376","CanNavPrevious":true,"CanNavNext":false,"Status":-1,"Complete":false},{"StepId":6,"Order":8,"Title":"Review","Path":"Steps/Review/48810/390376","Navigable":true,"CanNavigate":false,"PreviousStepPath":"Steps/Logical/48810/390375","NextStepPath":"Home/Index","CanNavPrevious":false,"CanNavNext":false,"Status":1,"Complete":false}],"Created":"2020-03-06T10:06:34.052784+00:00"}}